"Zaman damgası","Cinsiyet","Yaşınız","Kilo Aralığınız","En Çok Vakit Harcadığınız Sosyal Medya","Ne Sıklıkla Dışarıda Yemek Yiyorsunuz / Sipariş Veriyorsunuz","En Sevdiğiniz Renk","En Sevdiğiniz Film Türü","En Çok Dinlediğiniz Müzik Türü","En Sevdiğiniz Yiyecek Türü","En Beğendiğiniz Spor Dalı","Aşağıdakilerden En Çok Gezmek İstediğiniz Ülke / Ülkeler / Kıta"
"2022/05/09 10:29:35 ÖS GMT+3","Erkek","19 - 24","86 - 100","Youtube","Haftanın Her Günü","Kırmızı","Bilim Kurgu / Fantastik","Rock","Hamburger","Futbol","Hollanda"
"2022/05/09 10:32:45 ÖS GMT+3","Kadın","19 - 24","58 - 65","Instagram","Haftada 1 Günden Az","Mor","Komedi","Rock","Hamburger","Tenis / Masa Tenisi","İtalya"
"2022/05/09 10:34:25 ÖS GMT+3","Kadın","19 - 24","51 - 57","Instagram","Haftada 1-3 Gün","Siyah","Bilim Kurgu / Fantastik","Tekno","Pizza","Vücut Geliştirme","Uzakdoğu Ülkeleri"
"2022/05/09 10:35:20 ÖS GMT+3","Erkek","7 - 18","76 - 85","Instagram","Haftada 1 Günden Az","Siyah","Belgesel / Biyografi","Rock","Dünya Mutfağı","Voleybol","İtalya"
"2022/05/09 10:35:45 ÖS GMT+3","Erkek","19 - 24","101+","Youtube","Haftanın Her Günü","Kırmızı","Polisiye / Suç","Rock","Pizza","Basketbol","Hollanda"
"2022/05/09 10:36:01 ÖS GMT+3","Erkek","25 - 29","76 - 85","Youtube","Haftanın Her Günü","Siyah","Bilim Kurgu / Fantastik","Klasik","Sokak Lezzetleri","Futbol","Amerika / Kanada"
"2022/05/09 10:36:10 ÖS GMT+3","Erkek","19 - 24","101+","Instagram","Haftada 1-3 Gün","Mavi","Bilim Kurgu / Fantastik","Rap","Hamburger","Basketbol","İskandinav Ülkeleri"
"2022/05/09 10:38:05 ÖS GMT+3","Erkek","19 - 24","66 - 75","Instagram","Haftada 1 Günden Az","Turuncu","Polisiye / Suç","Rap","Hamburger","Vücut Geliştirme","Almanya"
"2022/05/09 10:40:05 ÖS GMT+3","Erkek","19 - 24","66 - 75","Instagram","Haftada 1-3 Gün","Siyah","Bilim Kurgu / Fantastik","Pop","Hamburger","Yüzme","Almanya"
"2022/05/09 10:40:06 ÖS GMT+3","Erkek","19 - 24","66 - 75","Youtube","Haftada 1 Günden Az","Turuncu","Korku / Gerilim","R&B","Sokak Lezzetleri","Tenis / Masa Tenisi","Avustralya / Yeni Zelanda"
"2022/05/09 10:40:31 ÖS GMT+3","Erkek","19 - 24","66 - 75","Instagram","Haftada 4-6 Gün","Yeşil","Belgesel / Biyografi","Rap","Hamburger","Futbol","Avustralya / Yeni Zelanda"
"2022/05/09 10:41:50 ÖS GMT+3","Kadın","19 - 24","58 - 65","Instagram","Haftada 1-3 Gün","Mor","Animasyon / Anime / Çizgi Film","Pop","Hamur İşi","Voleybol","Almanya"
"2022/05/09 10:44:04 ÖS GMT+3","Kadın","7 - 18","51 - 57","Twitter","Haftada 1 Günden Az","Pembe","Animasyon / Anime / Çizgi Film","Rock","Dünya Mutfağı","Yüzme","Uzakdoğu Ülkeleri"
"2022/05/09 10:46:25 ÖS GMT+3","Erkek","19 - 24","66 - 75","Instagram","Haftada 4-6 Gün","Yeşil","Animasyon / Anime / Çizgi Film","Rock","Sokak Lezzetleri","Vücut Geliştirme","Uzakdoğu Ülkeleri"
"2022/05/09 10:46:35 ÖS GMT+3","Erkek","7 - 18","58 - 65","Instagram","Haftada 1-3 Gün","Mavi","Bilim Kurgu / Fantastik","Rap","Dünya Mutfağı","Vücut Geliştirme","Amerika / Kanada"
"2022/05/09 10:46:47 ÖS GMT+3","Kadın","19 - 24","46 - 50","Youtube","Haftada 1 Günden Az","Mavi","Bilim Kurgu / Fantastik","Klasik","Kebap","Voleybol","İskandinav Ülkeleri"
"2022/05/09 10:47:04 ÖS GMT+3","Kadın","19 - 24","35 - 45","Twitter","Haftada 4-6 Gün","Kırmızı","Dram / Romantik","Pop","Hamur İşi","Tenis / Masa Tenisi","Amerika / Kanada"
"2022/05/09 10:47:26 ÖS GMT+3","Kadın","19 - 24","51 - 57","Instagram","Haftada 1-3 Gün","Mor","Bilim Kurgu / Fantastik","Pop","Hamburger","Yüzme","Uzakdoğu Ülkeleri"
"2022/05/09 10:49:42 ÖS GMT+3","Erkek","19 - 24","76 - 85","Instagram","Haftada 1 Günden Az","Mavi","Bilim Kurgu / Fantastik","Pop","Balık","Vücut Geliştirme","Amerika / Kanada"
"2022/05/09 10:50:57 ÖS GMT+3","Erkek","19 - 24","66 - 75","Twitter","Haftada 1-3 Gün","Siyah","Polisiye / Suç","Pop","Hamburger","Basketbol","Amerika / Kanada"
"2022/05/09 10:53:56 ÖS GMT+3","Kadın","51 - 64","51 - 57","Youtube","Haftada 1 Günden Az","Turuncu","Belgesel / Biyografi","Pop","Dünya Mutfağı","Basketbol","Güney Afrika"
"2022/05/09 10:54:28 ÖS GMT+3","Erkek","7 - 18","66 - 75","Instagram","Haftada 1 Günden Az","Siyah","Animasyon / Anime / Çizgi Film","Rap","Pizza","Vücut Geliştirme","Almanya"
"2022/05/09 10:56:07 ÖS GMT+3","Kadın","19 - 24","51 - 57","Instagram","Haftada 4-6 Gün","Beyaz","Korku / Gerilim","Pop","Hamur İşi","Yüzme","Uzakdoğu Ülkeleri"
"2022/05/09 11:00:29 ÖS GMT+3","Kadın","19 - 24","58 - 65","Youtube","Haftada 4-6 Gün","Turuncu","Dram / Romantik","Rock","Dünya Mutfağı","Yüzme","İskandinav Ülkeleri"
"2022/05/09 11:01:11 ÖS GMT+3","Erkek","46 - 51","76 - 85","Twitter","Haftada 1-3 Gün","Kırmızı","Aksiyon / Macera","Pop","Pizza","Futbol","Uzakdoğu Ülkeleri"
"2022/05/09 11:04:29 ÖS GMT+3","Kadın","19 - 24","46 - 50","Instagram","Haftada 1 Günden Az","Mor","Bilim Kurgu / Fantastik","R&B","Hamburger","Basketbol","İtalya"
"2022/05/09 11:19:39 ÖS GMT+3","Erkek","19 - 24","58 - 65","Instagram","Haftanın Her Günü","Mor","Bilim Kurgu / Fantastik","Rap","Döner","Voleybol","Almanya"
"2022/05/09 11:21:33 ÖS GMT+3","Kadın","41 - 45","66 - 75","Twitter","Haftada 1 Günden Az","Pembe","Komedi","Pop","Kebap","Yüzme","Uzakdoğu Ülkeleri"
"2022/05/09 11:28:39 ÖS GMT+3","Kadın","19 - 24","58 - 65","Twitter","Haftanın Her Günü","Turuncu","Bilim Kurgu / Fantastik","Rock","Dünya Mutfağı","Yüzme","Uzakdoğu Ülkeleri"
"2022/05/09 11:49:01 ÖS GMT+3","Erkek","30 - 40","76 - 85","Youtube","Haftada 4-6 Gün","Mavi","Belgesel / Biyografi","Rock","Hamur İşi","Boks","İtalya"
"2022/05/10 12:06:10 ÖÖ GMT+3","Kadın","46 - 51","66 - 75","Youtube","Haftada 1 Günden Az","Mavi","Dram / Romantik","Arabesk","Kebap","Tenis / Masa Tenisi","İtalya"
"2022/05/10 12:26:43 ÖÖ GMT+3","Kadın","19 - 24","51 - 57","Instagram","Haftada 4-6 Gün","Siyah","Animasyon / Anime / Çizgi Film","Rock","Sokak Lezzetleri","Basketbol","Hollanda"
"2022/05/10 12:45:15 ÖÖ GMT+3","Erkek","19 - 24","76 - 85","Instagram","Haftada 1-3 Gün","Mavi","Komedi","Rock","Sokak Lezzetleri","Yüzme","İskandinav Ülkeleri"
"2022/05/10 1:02:17 ÖÖ GMT+3","Erkek","19 - 24","76 - 85","Instagram","Haftada 1-3 Gün","Mavi","Korku / Gerilim","Rap","Kebap","Futbol","İskandinav Ülkeleri"
"2022/05/10 9:15:31 ÖÖ GMT+3","Erkek","19 - 24","86 - 100","Instagram","Haftada 1-3 Gün","Siyah","Komedi","Pop","Kebap","Basketbol","İspanya / Portekiz"
"2022/05/10 9:38:45 ÖÖ GMT+3","Kadın","19 - 24","51 - 57","Twitter","Haftada 1-3 Gün","Mavi","Dram / Romantik","Metal","Hamburger","Basketbol","İtalya"
"2022/05/10 9:41:45 ÖÖ GMT+3","Kadın","46 - 51","76 - 85","Youtube","Haftada 1 Günden Az","Mavi","Aksiyon / Macera","Pop","Hamburger","Yüzme","Uzakdoğu Ülkeleri"
"2022/05/10 9:59:57 ÖÖ GMT+3","Erkek","41 - 45","66 - 75","Youtube","Haftada 1-3 Gün","Siyah","Komedi","Arabesk","Kebap","Futbol","Almanya"
"2022/05/10 10:04:34 ÖÖ GMT+3","Erkek","19 - 24","86 - 100","Twitter","Haftanın Her Günü","Siyah","Bilim Kurgu / Fantastik","Rock","Sokak Lezzetleri","Yüzme","Uzakdoğu Ülkeleri"
"2022/05/10 10:09:23 ÖÖ GMT+3","Erkek","19 - 24","58 - 65","Twitter","Haftada 1-3 Gün","Kırmızı","Bilim Kurgu / Fantastik","Rock","Pizza","Futbol","İskandinav Ülkeleri"
"2022/05/10 10:25:43 ÖÖ GMT+3","Erkek","25 - 29","86 - 100","Twitter","Haftada 1-3 Gün","Kırmızı","Korku / Gerilim","Metal","Hamburger","Tenis / Masa Tenisi","İspanya / Portekiz"
"2022/05/10 10:26:45 ÖÖ GMT+3","Erkek","19 - 24","76 - 85","Linkedin","Haftada 1 Günden Az","Mavi","Aksiyon / Macera","Pop","Dünya Mutfağı","Yüzme","Ortadoğu Ülkeleri"
"2022/05/10 10:29:02 ÖÖ GMT+3","Kadın","51 - 64","51 - 57","Youtube","Haftada 1-3 Gün","Mavi","Aksiyon / Macera","Arabesk","Kebap","Yüzme","İtalya"
"2022/05/10 10:55:27 ÖÖ GMT+3","Erkek","19 - 24","76 - 85","Instagram","Haftada 1-3 Gün","Siyah","Bilim Kurgu / Fantastik","Rock","Kebap","Futbol","Hollanda"
"2022/05/10 11:03:04 ÖÖ GMT+3","Kadın","25 - 29","58 - 65","Instagram","Haftanın Her Günü","Siyah","Aksiyon / Macera","Blues","Hamburger","Basketbol","İskandinav Ülkeleri"
"2022/05/10 11:03:18 ÖÖ GMT+3","Kadın","19 - 24","76 - 85","Instagram","Haftada 1 Günden Az","Mor","Komedi","Arabesk","Dünya Mutfağı","Voleybol","Almanya"
"2022/05/10 11:03:59 ÖÖ GMT+3","Erkek","25 - 29","76 - 85","Instagram","Haftada 1-3 Gün","Mavi","Komedi","Rap","Hamburger","Futbol","İspanya / Portekiz"
"2022/05/10 11:04:29 ÖÖ GMT+3","Kadın","25 - 29","66 - 75","Instagram","Haftada 4-6 Gün","Sarı","Bilim Kurgu / Fantastik","Pop","Dünya Mutfağı","Boks","Uzakdoğu Ülkeleri"
"2022/05/10 11:04:33 ÖÖ GMT+3","Erkek","25 - 29","66 - 75","Reddit","Haftada 4-6 Gün","Siyah","Bilim Kurgu / Fantastik","Rap","Pizza","Voleybol","İtalya"
"2022/05/10 11:04:42 ÖÖ GMT+3","Erkek","25 - 29","66 - 75","Youtube","Haftada 1-3 Gün","Siyah","Bilim Kurgu / Fantastik","Metal","Pizza","Basketbol","İskandinav Ülkeleri"
"2022/05/10 11:05:06 ÖÖ GMT+3","Erkek","25 - 29","86 - 100","Reddit","Haftada 4-6 Gün","Siyah","Bilim Kurgu / Fantastik","Caz","Döner","Vücut Geliştirme","Amerika / Kanada"
"2022/05/10 11:05:28 ÖÖ GMT+3","Kadın","25 - 29","58 - 65","Instagram","Haftada 1-3 Gün","Kırmızı","Komedi","Rock","Hamburger","Yüzme","İtalya"
"2022/05/10 11:05:57 ÖÖ GMT+3","Erkek","19 - 24","76 - 85","Instagram","Haftanın Her Günü","Siyah","Korku / Gerilim","Rock","Sokak Lezzetleri","Yüzme","İtalya"
"2022/05/10 11:05:58 ÖÖ GMT+3","Erkek","30 - 40","101+","Instagram","Haftada 1-3 Gün","Turuncu","Komedi","Rock","Hamburger","Tenis / Masa Tenisi","Amerika / Kanada"
"2022/05/10 11:05:58 ÖÖ GMT+3","Erkek","25 - 29","76 - 85","Twitter","Haftada 1 Günden Az","Siyah","Komedi","Rock","Kebap","Futbol","İskandinav Ülkeleri"
"2022/05/10 11:06:03 ÖÖ GMT+3","Erkek","30 - 40","86 - 100","Facebook","Haftada 1 Günden Az","Mavi","Bilim Kurgu / Fantastik","Pop","Kebap","Futbol","İskandinav Ülkeleri"
"2022/05/10 11:06:31 ÖÖ GMT+3","Erkek","30 - 40","86 - 100","Twitter","Haftada 1-3 Gün","Siyah","Bilim Kurgu / Fantastik","Rock","Pizza","Basketbol","İskandinav Ülkeleri"
"2022/05/10 11:06:37 ÖÖ GMT+3","Kadın","19 - 24","58 - 65","Instagram","Haftada 1 Günden Az","Turuncu","Komedi","Rap","Hamburger","Basketbol","İskandinav Ülkeleri"
"2022/05/10 11:06:56 ÖÖ GMT+3","Erkek","25 - 29","86 - 100","Twitter","Haftada 1 Günden Az","Kırmızı","Belgesel / Biyografi","Klasik","Kebap","Futbol","İskandinav Ülkeleri"
"2022/05/10 11:06:59 ÖÖ GMT+3","Erkek","41 - 45","76 - 85","Linkedin","Haftada 1-3 Gün","Siyah","Korku / Gerilim","Rock","Sokak Lezzetleri","Futbol","Güney Afrika"
"2022/05/10 11:07:21 ÖÖ GMT+3","Erkek","19 - 24","86 - 100","Reddit","Haftada 1-3 Gün","Mavi","Bilim Kurgu / Fantastik","Pop","Kebap","Futbol","İskandinav Ülkeleri"
"2022/05/10 11:07:32 ÖÖ GMT+3","Erkek","30 - 40","101+","Linkedin","Haftada 1-3 Gün","Kırmızı","Bilim Kurgu / Fantastik","Pop","Sokak Lezzetleri","Tenis / Masa Tenisi","İtalya"
"2022/05/10 11:08:34 ÖÖ GMT+3","Erkek","30 - 40","86 - 100","Instagram","Haftada 1 Günden Az","Siyah","Dram / Romantik","Klasik","Hamur İşi","Futbol","İskandinav Ülkeleri"
"2022/05/10 11:08:53 ÖÖ GMT+3","Kadın","19 - 24","58 - 65","Youtube","Haftada 1 Günden Az","Siyah","Komedi","Rock","Döner","Yüzme","Brezilya / Arjantin"
"2022/05/10 11:09:37 ÖÖ GMT+3","Erkek","25 - 29","101+","Youtube","Haftada 1-3 Gün","Mavi","Polisiye / Suç","Arabesk","Döner","Futbol","Amerika / Kanada"
"2022/05/10 11:09:57 ÖÖ GMT+3","Erkek","19 - 24","86 - 100","Youtube","Haftada 1 Günden Az","Siyah","Komedi","Rap","Pizza","Basketbol","İskandinav Ülkeleri"
"2022/05/10 11:10:05 ÖÖ GMT+3","Erkek","25 - 29","101+","Youtube","Haftada 4-6 Gün","Mavi","Aksiyon / Macera","Caz","Döner","Tenis / Masa Tenisi","Amerika / Kanada"
"2022/05/10 11:10:13 ÖÖ GMT+3","Erkek","30 - 40","86 - 100","Twitter","Haftada 1 Günden Az","Mavi","Bilim Kurgu / Fantastik","Arabesk","Kebap","Basketbol","Güney Afrika"
"2022/05/10 11:11:09 ÖÖ GMT+3","Kadın","25 - 29","58 - 65","Youtube","Haftada 1-3 Gün","Mor","Polisiye / Suç","Pop","Hamur İşi","Yüzme","Uzakdoğu Ülkeleri"
"2022/05/10 11:11:51 ÖÖ GMT+3","Erkek","25 - 29","66 - 75","Twitter","Haftada 1-3 Gün","Mavi","Komedi","Rap","Kebap","Futbol","Hollanda"
"2022/05/10 11:12:09 ÖÖ GMT+3","Erkek","25 - 29","86 - 100","Youtube","Haftada 4-6 Gün","Yeşil","Bilim Kurgu / Fantastik","Rock","Pizza","Basketbol","İtalya"
"2022/05/10 11:12:25 ÖÖ GMT+3","Erkek","25 - 29","66 - 75","Twitter","Haftada 4-6 Gün","Mor","Bilim Kurgu / Fantastik","Rock","Hamburger","Basketbol","İskandinav Ülkeleri"
"2022/05/10 11:14:23 ÖÖ GMT+3","Erkek","25 - 29","76 - 85","Reddit","Haftada 1 Günden Az","Siyah","Bilim Kurgu / Fantastik","Pop","Hamburger","Futbol","İskandinav Ülkeleri"
"2022/05/10 11:14:47 ÖÖ GMT+3","Erkek","30 - 40","66 - 75","Youtube","Haftada 1 Günden Az","Kırmızı","Polisiye / Suç","Metal","Hamur İşi","Tenis / Masa Tenisi","Uzakdoğu Ülkeleri"
"2022/05/10 11:14:56 ÖÖ GMT+3","Erkek","30 - 40","58 - 65","Reddit","Haftada 1-3 Gün","Siyah","Bilim Kurgu / Fantastik","Rock","Kebap","Yüzme","İskandinav Ülkeleri"
"2022/05/10 11:15:11 ÖÖ GMT+3","Erkek","19 - 24","76 - 85","Instagram","Haftada 1 Günden Az","Mavi","Bilim Kurgu / Fantastik","Rock","Sokak Lezzetleri","Yüzme","Almanya"
"2022/05/10 11:15:18 ÖÖ GMT+3","Erkek","25 - 29","76 - 85","Instagram","Haftada 1 Günden Az","Yeşil","Animasyon / Anime / Çizgi Film","Pop","Hamburger","Basketbol","İskandinav Ülkeleri"
"2022/05/10 11:17:24 ÖÖ GMT+3","Erkek","30 - 40","76 - 85","Instagram","Haftada 1 Günden Az","Yeşil","Aksiyon / Macera","Rock","Kebap","Basketbol","Avustralya / Yeni Zelanda"
"2022/05/10 11:17:57 ÖÖ GMT+3","Erkek","25 - 29","86 - 100","Instagram","Haftada 1 Günden Az","Siyah","Bilim Kurgu / Fantastik","Pop","Döner","Futbol","İtalya"
"2022/05/10 11:18:28 ÖÖ GMT+3","Erkek","25 - 29","86 - 100","Twitter","Haftada 1-3 Gün","Mavi","Bilim Kurgu / Fantastik","Rock","Hamburger","Basketbol","İtalya"
"2022/05/10 11:18:58 ÖÖ GMT+3","Erkek","25 - 29","66 - 75","Youtube","Haftada 1 Günden Az","Siyah","Dram / Romantik","Rock","Hamburger","Futbol","Hollanda"
"2022/05/10 11:23:27 ÖÖ GMT+3","Erkek","25 - 29","66 - 75","Youtube","Haftada 1-3 Gün","Mor","Bilim Kurgu / Fantastik","Rock","Döner","Tenis / Masa Tenisi","Amerika / Kanada"
"2022/05/10 11:23:30 ÖÖ GMT+3","Erkek","25 - 29","101+","Twitter","Haftada 4-6 Gün","Mavi","Bilim Kurgu / Fantastik","Rock","Kebap","Futbol","Amerika / Kanada"
"2022/05/10 11:23:49 ÖÖ GMT+3","Erkek","30 - 40","86 - 100","Twitter","Haftada 1-3 Gün","Siyah","Belgesel / Biyografi","Rock","Hamburger","Basketbol","Uzakdoğu Ülkeleri"
"2022/05/10 11:24:14 ÖÖ GMT+3","Erkek","25 - 29","58 - 65","Youtube","Haftada 1 Günden Az","Mor","Komedi","Pop","Döner","Futbol","İtalya"
"2022/05/10 11:24:20 ÖÖ GMT+3","Kadın","25 - 29","58 - 65","Twitter","Haftada 1-3 Gün","Mavi","Bilim Kurgu / Fantastik","Rap","Hamburger","Voleybol","İspanya / Portekiz"
"2022/05/10 11:24:26 ÖÖ GMT+3","Erkek","25 - 29","66 - 75","Instagram","Haftada 4-6 Gün","Siyah","Bilim Kurgu / Fantastik","Rap","Hamburger","Basketbol","Hollanda"
"2022/05/10 11:24:50 ÖÖ GMT+3","Erkek","25 - 29","66 - 75","Instagram","Haftada 1-3 Gün","Mavi","Komedi","Klasik","Hamburger","Futbol","Almanya"
"2022/05/10 11:26:21 ÖÖ GMT+3","Erkek","19 - 24","66 - 75","Youtube","Haftada 1-3 Gün","Yeşil","Bilim Kurgu / Fantastik","Pop","Hamburger","Tenis / Masa Tenisi","Uzakdoğu Ülkeleri"
"2022/05/10 11:26:25 ÖÖ GMT+3","Kadın","19 - 24","58 - 65","Instagram","Haftada 1-3 Gün","Pembe","Komedi","Pop","Hamur İşi","Basketbol","İskandinav Ülkeleri"
"2022/05/10 11:28:19 ÖÖ GMT+3","Erkek","25 - 29","76 - 85","Youtube","Haftada 1-3 Gün","Turuncu","Bilim Kurgu / Fantastik","Rock","Dünya Mutfağı","Basketbol","Hollanda"
"2022/05/10 11:28:52 ÖÖ GMT+3","Kadın","25 - 29","58 - 65","Instagram","Haftada 1-3 Gün","Mavi","Bilim Kurgu / Fantastik","Pop","Kebap","Voleybol","Uzakdoğu Ülkeleri"
"2022/05/10 11:29:25 ÖÖ GMT+3","Erkek","25 - 29","101+","Instagram","Haftada 4-6 Gün","Sarı","Belgesel / Biyografi","Pop","Sokak Lezzetleri","Futbol","Hollanda"
"2022/05/10 11:30:00 ÖÖ GMT+3","Kadın","19 - 24","51 - 57","Youtube","Haftanın Her Günü","Yeşil","Dram / Romantik","Arabesk","Sokak Lezzetleri","Futbol","Ortadoğu Ülkeleri"
"2022/05/10 11:30:07 ÖÖ GMT+3","Erkek","25 - 29","66 - 75","Twitter","Haftada 1-3 Gün","Mavi","Bilim Kurgu / Fantastik","Rock","Döner","Futbol","İspanya / Portekiz"
"2022/05/10 11:32:05 ÖÖ GMT+3","Erkek","25 - 29","86 - 100","Youtube","Haftanın Her Günü","Siyah","Belgesel / Biyografi","Rock","Kebap","Tenis / Masa Tenisi","İskandinav Ülkeleri"
"2022/05/10 11:32:39 ÖÖ GMT+3","Erkek","19 - 24","76 - 85","Instagram","Haftada 4-6 Gün","Siyah","Polisiye / Suç","Rock","Hamburger","Futbol","İskandinav Ülkeleri"
"2022/05/10 11:33:12 ÖÖ GMT+3","Erkek","25 - 29","101+","Twitter","Haftada 1-3 Gün","Mavi","Belgesel / Biyografi","Rock","Sokak Lezzetleri","Basketbol","İskandinav Ülkeleri"
"2022/05/10 11:36:16 ÖÖ GMT+3","Kadın","30 - 40","58 - 65","Youtube","Haftada 1-3 Gün","Siyah","Bilim Kurgu / Fantastik","Tekno","Hamur İşi","Basketbol","Brezilya / Arjantin"
"2022/05/10 11:36:23 ÖÖ GMT+3","Kadın","25 - 29","58 - 65","Instagram","Haftada 1 Günden Az","Pembe","Komedi","Pop","Hamburger","Futbol","Amerika / Kanada"
"2022/05/10 11:37:05 ÖÖ GMT+3","Erkek","25 - 29","101+","Instagram","Haftada 4-6 Gün","Kırmızı","Polisiye / Suç","Rap","Hamburger","Boks","Amerika / Kanada"
"2022/05/10 11:37:26 ÖÖ GMT+3","Kadın","25 - 29","58 - 65","Twitter","Haftada 1-3 Gün","Siyah","Belgesel / Biyografi","Rock","Dünya Mutfağı","Tenis / Masa Tenisi","İskandinav Ülkeleri"
"2022/05/10 11:37:37 ÖÖ GMT+3","Kadın","19 - 24","66 - 75","Twitter","Haftada 1-3 Gün","Turuncu","Komedi","Rock","Hamburger","Yüzme","Uzakdoğu Ülkeleri"
"2022/05/10 11:37:58 ÖÖ GMT+3","Erkek","41 - 45","76 - 85","Instagram","Haftada 4-6 Gün","Siyah","Bilim Kurgu / Fantastik","Metal","Sokak Lezzetleri","Futbol","İtalya"
"2022/05/10 11:38:15 ÖÖ GMT+3","Erkek","25 - 29","66 - 75","Youtube","Haftada 1 Günden Az","Mavi","Aksiyon / Macera","Tekno","Kebap","Tenis / Masa Tenisi","Amerika / Kanada"
"2022/05/10 11:42:12 ÖÖ GMT+3","Erkek","30 - 40","86 - 100","Twitter","Haftada 4-6 Gün","Siyah","Bilim Kurgu / Fantastik","Rock","Sokak Lezzetleri","Futbol","İskandinav Ülkeleri"
"2022/05/10 11:42:26 ÖÖ GMT+3","Erkek","25 - 29","66 - 75","Instagram","Haftada 1 Günden Az","Siyah","Aksiyon / Macera","Rap","Sokak Lezzetleri","Futbol","Amerika / Kanada"
"2022/05/10 11:43:59 ÖÖ GMT+3","Erkek","30 - 40","66 - 75","Twitter","Haftada 1 Günden Az","Turuncu","Korku / Gerilim","Pop","Hamburger","Futbol","İskandinav Ülkeleri"
"2022/05/10 11:48:53 ÖÖ GMT+3","Erkek","30 - 40","86 - 100","Twitter","Haftada 1-3 Gün","Mavi","Bilim Kurgu / Fantastik","Rock","Sokak Lezzetleri","Futbol","Amerika / Kanada"
"2022/05/10 11:49:53 ÖÖ GMT+3","Erkek","19 - 24","76 - 85","Instagram","Haftada 1-3 Gün","Yeşil","Komedi","Rock","Döner","Basketbol","İskandinav Ülkeleri"
"2022/05/10 11:53:16 ÖÖ GMT+3","Kadın","7 - 18","58 - 65","Twitter","Haftada 4-6 Gün","Kahverengi","Animasyon / Anime / Çizgi Film","Pop","Dünya Mutfağı","Vücut Geliştirme","Uzakdoğu Ülkeleri"
"2022/05/10 11:53:21 ÖÖ GMT+3","Kadın","7 - 18","35 - 45","Twitter","Haftada 4-6 Gün","Mor","Dram / Romantik","Pop","Hamburger","Yüzme","Uzakdoğu Ülkeleri"
"2022/05/10 11:54:04 ÖÖ GMT+3","Kadın","25 - 29","51 - 57","Instagram","Haftada 1-3 Gün","Mor","Bilim Kurgu / Fantastik","Pop","Pizza","Boks","İspanya / Portekiz"
"2022/05/10 11:54:48 ÖÖ GMT+3","Erkek","19 - 24","101+","Instagram","Haftada 1 Günden Az","Siyah","Animasyon / Anime / Çizgi Film","Metal","Döner","Vücut Geliştirme","Uzakdoğu Ülkeleri"
"2022/05/10 11:55:01 ÖÖ GMT+3","Kadın","7 - 18","51 - 57","Twitter","Haftada 4-6 Gün","Yeşil","Bilim Kurgu / Fantastik","Rock","Kebap","Yüzme","Fransa"
"2022/05/10 11:55:43 ÖÖ GMT+3","Erkek","25 - 29","58 - 65","Twitter","Haftada 1 Günden Az","Mor","Komedi","Rock","Hamburger","Futbol","Almanya"
"2022/05/10 11:55:59 ÖÖ GMT+3","Erkek","7 - 18","66 - 75","Youtube","Haftada 1 Günden Az","Yeşil","Aksiyon / Macera","Rock","Balık","Vücut Geliştirme","İtalya"
"2022/05/10 11:57:33 ÖÖ GMT+3","Erkek","19 - 24","66 - 75","Youtube","Haftada 1 Günden Az","Yeşil","Dram / Romantik","Rap","Kebap","Vücut Geliştirme","İskandinav Ülkeleri"
"2022/05/10 12:07:48 ÖS GMT+3","Erkek","19 - 24","101+","Twitter","Haftada 4-6 Gün","Turuncu","Bilim Kurgu / Fantastik","Metal","Tost & Sandviç","Basketbol","İskandinav Ülkeleri"
"2022/05/10 12:08:16 ÖS GMT+3","Erkek","19 - 24","86 - 100","Instagram","Haftada 1-3 Gün","Siyah","Animasyon / Anime / Çizgi Film","Rock","Dünya Mutfağı","Yüzme","Almanya"
"2022/05/10 12:14:39 ÖS GMT+3","Erkek","25 - 29","58 - 65","Twitter","Haftada 4-6 Gün","Siyah","Bilim Kurgu / Fantastik","Rock","Sokak Lezzetleri","Basketbol","Amerika / Kanada"
"2022/05/10 12:15:28 ÖS GMT+3","Erkek","30 - 40","76 - 85","Twitter","Haftada 1-3 Gün","Yeşil","Bilim Kurgu / Fantastik","R&B","Sokak Lezzetleri","Basketbol","Amerika / Kanada"
"2022/05/10 12:23:57 ÖS GMT+3","Erkek","41 - 45","76 - 85","Twitter","Haftada 1 Günden Az","Siyah","Bilim Kurgu / Fantastik","Pop","Döner","Futbol","İskandinav Ülkeleri"
"2022/05/10 12:28:45 ÖS GMT+3","Erkek","19 - 24","76 - 85","Twitter","Haftada 1 Günden Az","Siyah","Polisiye / Suç","Rock","Hamburger","Yüzme","İskandinav Ülkeleri"
"2022/05/10 12:39:56 ÖS GMT+3","Erkek","19 - 24","86 - 100","Youtube","Haftada 4-6 Gün","Mavi","Komedi","Rock","Sokak Lezzetleri","Basketbol","Uzakdoğu Ülkeleri"
"2022/05/10 12:50:44 ÖS GMT+3","Kadın","19 - 24","66 - 75","Youtube","Haftada 1 Günden Az","Mavi","Bilim Kurgu / Fantastik","Caz","Kebap","Voleybol","İskandinav Ülkeleri"
"2022/05/10 12:54:52 ÖS GMT+3","Kadın","7 - 18","66 - 75","Instagram","Haftada 1-3 Gün","Sarı","Bilim Kurgu / Fantastik","Pop","Hamur İşi","Boks","İtalya"
"2022/05/10 12:55:34 ÖS GMT+3","Erkek","25 - 29","101+","Youtube","Haftada 1 Günden Az","Siyah","Aksiyon / Macera","Rock","Kebap","Boks","Amerika / Kanada"
"2022/05/10 12:56:13 ÖS GMT+3","Kadın","19 - 24","35 - 45","Instagram","Haftada 1-3 Gün","Siyah","Animasyon / Anime / Çizgi Film","Pop","Hamburger","Voleybol","Uzakdoğu Ülkeleri"
"2022/05/10 1:06:10 ÖS GMT+3","Erkek","19 - 24","86 - 100","Reddit","Haftada 1 Günden Az","Yeşil","Bilim Kurgu / Fantastik","Metal","Kebap","Yüzme","Avustralya / Yeni Zelanda"
"2022/05/10 1:17:16 ÖS GMT+3","Erkek","19 - 24","66 - 75","Youtube","Haftada 4-6 Gün","Mavi","Aksiyon / Macera","Rock","Kebap","Basketbol","Uzakdoğu Ülkeleri"
"2022/05/10 1:27:07 ÖS GMT+3","Erkek","19 - 24","86 - 100","Youtube","Haftada 1-3 Gün","Mavi","Komedi","Rap","Kebap","Futbol","İskandinav Ülkeleri"
"2022/05/10 1:37:57 ÖS GMT+3","Kadın","25 - 29","51 - 57","Instagram","Haftada 1-3 Gün","Mor","Bilim Kurgu / Fantastik","Rock","Pizza","Voleybol","Uzakdoğu Ülkeleri"
"2022/05/10 1:43:16 ÖS GMT+3","Erkek","30 - 40","76 - 85","Youtube","Haftada 1 Günden Az","Mavi","Dram / Romantik","Arabesk","Döner","Futbol","Uzakdoğu Ülkeleri"
"2022/05/10 1:49:59 ÖS GMT+3","Erkek","25 - 29","76 - 85","Instagram","Haftada 1-3 Gün","Yeşil","Dram / Romantik","Pop","Hamur İşi","Futbol","Uzakdoğu Ülkeleri"
"2022/05/10 2:11:40 ÖS GMT+3","Erkek","25 - 29","76 - 85","Twitter","Haftada 1-3 Gün","Kırmızı","Komedi","Rap","Hamburger","Futbol","İskandinav Ülkeleri"
"2022/05/10 2:12:18 ÖS GMT+3","Erkek","19 - 24","66 - 75","Twitter","Haftada 1-3 Gün","Mavi","Dram / Romantik","Rock","Pizza","Basketbol","İskandinav Ülkeleri"
"2022/05/10 2:21:24 ÖS GMT+3","Erkek","25 - 29","76 - 85","Youtube","Haftanın Her Günü","Mavi","Komedi","Rock","Pizza","Basketbol","İskandinav Ülkeleri"
"2022/05/10 2:24:18 ÖS GMT+3","Kadın","25 - 29","58 - 65","Instagram","Haftada 4-6 Gün","Mavi","Komedi","Rock","Sokak Lezzetleri","Voleybol","Amerika / Kanada"
"2022/05/10 2:41:57 ÖS GMT+3","Erkek","19 - 24","66 - 75","Youtube","Haftada 1-3 Gün","Mavi","Animasyon / Anime / Çizgi Film","Pop","Kebap","Yüzme","Almanya"
"2022/05/10 2:43:22 ÖS GMT+3","Erkek","19 - 24","58 - 65","Twitter","Haftada 4-6 Gün","Yeşil","Korku / Gerilim","Pop","Pizza","Futbol","Hollanda"
"2022/05/10 2:46:46 ÖS GMT+3","Erkek","25 - 29","66 - 75","Twitter","Haftada 1 Günden Az","Mavi","Dram / Romantik","Pop","Hamur İşi","Voleybol","Amerika / Kanada"
"2022/05/10 2:53:23 ÖS GMT+3","Erkek","19 - 24","66 - 75","Twitter","Haftada 1-3 Gün","Pembe","Dram / Romantik","Klasik","Dünya Mutfağı","Tenis / Masa Tenisi","İskandinav Ülkeleri"
"2022/05/10 2:53:48 ÖS GMT+3","Erkek","19 - 24","66 - 75","Youtube","Haftada 1-3 Gün","Mavi","Bilim Kurgu / Fantastik","Metal","Hamburger","Vücut Geliştirme","İtalya"
"2022/05/10 2:55:54 ÖS GMT+3","Erkek","19 - 24","76 - 85","Instagram","Haftada 1 Günden Az","Siyah","Polisiye / Suç","Metal","Dünya Mutfağı","Yüzme","İtalya"
"2022/05/10 3:11:47 ÖS GMT+3","Erkek","25 - 29","86 - 100","Youtube","Haftada 1 Günden Az","Siyah","Komedi","Pop","Kebap","Basketbol","Hollanda"
"2022/05/10 3:17:31 ÖS GMT+3","Erkek","30 - 40","66 - 75","Reddit","Haftada 1-3 Gün","Siyah","Bilim Kurgu / Fantastik","Rap","Hamburger","Futbol","Brezilya / Arjantin"
"2022/05/10 3:24:32 ÖS GMT+3","Erkek","25 - 29","66 - 75","Instagram","Haftada 1-3 Gün","Siyah","Aksiyon / Macera","Pop","Dünya Mutfağı","Yüzme","Amerika / Kanada"
"2022/05/10 3:30:05 ÖS GMT+3","Erkek","19 - 24","66 - 75","Youtube","Haftada 1-3 Gün","Sarı","Korku / Gerilim","Pop","Hamburger","Yüzme","Hollanda"
"2022/05/10 3:38:30 ÖS GMT+3","Erkek","19 - 24","66 - 75","Twitter","Haftada 1-3 Gün","Siyah","Bilim Kurgu / Fantastik","Rock","Kebap","Futbol","İskandinav Ülkeleri"
"2022/05/10 5:05:02 ÖS GMT+3","Kadın","19 - 24","51 - 57","Instagram","Haftada 1 Günden Az","Mor","Komedi","Pop","Hamburger","Yüzme","Uzakdoğu Ülkeleri"
"2022/05/10 7:31:25 ÖS GMT+3","Kadın","25 - 29","58 - 65","Twitter","Haftada 1 Günden Az","Yeşil","Komedi","Pop","Hamur İşi","Voleybol","İtalya"
"2022/05/10 8:14:52 ÖS GMT+3","Erkek","19 - 24","76 - 85","Youtube","Haftada 1 Günden Az","Turuncu","Bilim Kurgu / Fantastik","Tekno","Hamburger","Futbol","İskandinav Ülkeleri"
"2022/05/10 8:17:59 ÖS GMT+3","Erkek","19 - 24","76 - 85","Youtube","Haftada 1 Günden Az","Siyah","Bilim Kurgu / Fantastik","Rock","Döner","Futbol","İskandinav Ülkeleri"
"2022/05/10 8:24:03 ÖS GMT+3","Kadın","7 - 18","35 - 45","Instagram","Haftada 1-3 Gün","Siyah","Aksiyon / Macera","Pop","Hamburger","Voleybol","Amerika / Kanada"
"2022/05/10 10:17:11 ÖS GMT+3","Erkek","25 - 29","101+","Instagram","Haftada 1 Günden Az","Siyah","Bilim Kurgu / Fantastik","Rock","Kebap","Futbol","İskandinav Ülkeleri"
"2022/05/10 10:34:29 ÖS GMT+3","Erkek","19 - 24","86 - 100","Instagram","Haftada 1-3 Gün","Yeşil","Komedi","Klasik","Sokak Lezzetleri","Basketbol","İskandinav Ülkeleri"
"2022/05/10 11:59:33 ÖS GMT+3","Erkek","19 - 24","46 - 50","Twitter","Haftanın Her Günü","Turuncu","Animasyon / Anime / Çizgi Film","Pop","Pizza","Yüzme","Hollanda"
"2022/05/11 1:03:11 ÖÖ GMT+3","Kadın","19 - 24","46 - 50","Instagram","Haftada 1 Günden Az","Mor","Dram / Romantik","Pop","Dünya Mutfağı","Tenis / Masa Tenisi","İskandinav Ülkeleri"
"2022/05/11 8:44:49 ÖÖ GMT+3","Kadın","25 - 29","51 - 57","Instagram","Haftada 1 Günden Az","Mor","Animasyon / Anime / Çizgi Film","Pop","Dünya Mutfağı","Basketbol","Hollanda"
"2022/05/11 9:38:20 ÖÖ GMT+3","Kadın","19 - 24","58 - 65","Instagram","Haftada 1-3 Gün","Siyah","Dram / Romantik","Rock","Pizza","Voleybol","Avustralya / Yeni Zelanda"
"2022/05/11 10:52:47 ÖÖ GMT+3","Kadın","30 - 40","46 - 50","Twitter","Haftada 1-3 Gün","Kırmızı","Korku / Gerilim","Klasik","Döner","Tenis / Masa Tenisi","Güney Afrika"
"2022/05/11 11:21:50 ÖÖ GMT+3","Erkek","25 - 29","86 - 100","Instagram","Haftada 1-3 Gün","Yeşil","Animasyon / Anime / Çizgi Film","Caz","Döner","Boks","Hollanda"
"2022/05/11 12:10:29 ÖS GMT+3","Kadın","25 - 29","66 - 75","Youtube","Haftada 1-3 Gün","Turuncu","Bilim Kurgu / Fantastik","Pop","Hamburger","Voleybol","İtalya"
"2022/05/11 12:11:19 ÖS GMT+3","Erkek","25 - 29","66 - 75","Instagram","Haftada 4-6 Gün","Mavi","Komedi","Rap","Hamburger","Futbol","Amerika / Kanada"
"2022/05/11 1:11:53 ÖS GMT+3","Erkek","19 - 24","76 - 85","Youtube","Haftada 1-3 Gün","Mavi","Bilim Kurgu / Fantastik","Klasik","Pizza","Futbol","İtalya"
"2022/05/11 1:24:42 ÖS GMT+3","Erkek","30 - 40","76 - 85","Youtube","Haftada 1-3 Gün","Mavi","Bilim Kurgu / Fantastik","Tekno","Kebap","Boks","Uzakdoğu Ülkeleri"
"2022/05/11 2:44:15 ÖS GMT+3","Erkek","25 - 29","76 - 85","Youtube","Haftada 1-3 Gün","Mavi","Aksiyon / Macera","Rap","Döner","Futbol","Amerika / Kanada"
"2022/05/11 2:56:14 ÖS GMT+3","Erkek","19 - 24","58 - 65","Instagram","Haftada 4-6 Gün","Siyah","Bilim Kurgu / Fantastik","Rock","Hamburger","Tenis / Masa Tenisi","İskandinav Ülkeleri"
"2022/05/11 2:56:38 ÖS GMT+3","Erkek","25 - 29","76 - 85","Reddit","Haftada 1 Günden Az","Turuncu","Bilim Kurgu / Fantastik","Rock","Hamburger","Vücut Geliştirme","İskandinav Ülkeleri"
"2022/05/11 3:39:06 ÖS GMT+3","Erkek","7 - 18","58 - 65","Youtube","Haftada 1-3 Gün","Mor","Bilim Kurgu / Fantastik","Rap","Sokak Lezzetleri","Futbol","İskandinav Ülkeleri"
"2022/05/11 4:49:28 ÖS GMT+3","Erkek","7 - 18","58 - 65","Instagram","Haftada 1 Günden Az","Siyah","Bilim Kurgu / Fantastik","Rock","Dünya Mutfağı","Yüzme","İspanya / Portekiz"
"2022/05/11 5:12:23 ÖS GMT+3","Kadın","7 - 18","58 - 65","Youtube","Haftada 1 Günden Az","Mavi","Animasyon / Anime / Çizgi Film","Metal","Kebap","Voleybol","Uzakdoğu Ülkeleri"
"2022/05/12 2:59:38 ÖS GMT+3","Erkek","30 - 40","76 - 85","Twitter","Haftada 1-3 Gün","Siyah","Komedi","Caz","Hamur İşi","Futbol","İspanya / Portekiz"
"2022/05/12 3:32:07 ÖS GMT+3","Erkek","19 - 24","86 - 100","Youtube","Haftada 1 Günden Az","Siyah","Bilim Kurgu / Fantastik","Pop","Kebap","Basketbol","Ortadoğu Ülkeleri"
"2022/05/13 12:55:05 ÖÖ GMT+3","Erkek","25 - 29","101+","Youtube","Haftada 4-6 Gün","Turuncu","Bilim Kurgu / Fantastik","Pop","Döner","Futbol","İskandinav Ülkeleri"
"2022/05/14 12:36:13 ÖÖ GMT+3","Kadın","19 - 24","66 - 75","Twitter","Haftada 1-3 Gün","Turuncu","Polisiye / Suç","Rock","Dünya Mutfağı","Yüzme","İskandinav Ülkeleri"
"2022/05/14 12:36:36 ÖÖ GMT+3","Kadın","7 - 18","46 - 50","Instagram","Haftada 1-3 Gün","Mor","Komedi","R&B","Döner","Basketbol","Fransa"
"2022/05/14 12:36:52 ÖÖ GMT+3","Kadın","19 - 24","58 - 65","Instagram","Haftada 4-6 Gün","Mor","Bilim Kurgu / Fantastik","Rock","Hamburger","Voleybol","İskandinav Ülkeleri"
"2022/05/14 12:37:32 ÖÖ GMT+3","Erkek","19 - 24","58 - 65","Twitter","Haftada 1 Günden Az","Mor","Polisiye / Suç","Rap","Kebap","Futbol","Amerika / Kanada"
"2022/05/14 12:41:33 ÖÖ GMT+3","Erkek","30 - 40","101+","Youtube","Haftanın Her Günü","Mor","Polisiye / Suç","Rock","Döner","Basketbol","Brezilya / Arjantin"
"2022/05/14 12:42:11 ÖÖ GMT+3","Erkek","19 - 24","66 - 75","Instagram","Haftada 1 Günden Az","Siyah","Aksiyon / Macera","Pop","Döner","Futbol","İskandinav Ülkeleri"
"2022/05/14 12:42:15 ÖÖ GMT+3","Erkek","25 - 29","86 - 100","Instagram","Haftada 1-3 Gün","Kırmızı","Bilim Kurgu / Fantastik","Pop","Hamburger","Futbol","Amerika / Kanada"
"2022/05/14 12:42:15 ÖÖ GMT+3","Erkek","25 - 29","86 - 100","Facebook","Haftada 1 Günden Az","Siyah","Komedi","Pop","Pizza","Futbol","Amerika / Kanada"
"2022/05/14 12:42:17 ÖÖ GMT+3","Erkek","19 - 24","66 - 75","Twitter","Haftada 1 Günden Az","Siyah","Aksiyon / Macera","Pop","Sokak Lezzetleri","Futbol","Brezilya / Arjantin"
"2022/05/14 12:42:18 ÖÖ GMT+3","Erkek","19 - 24","76 - 85","Instagram","Haftada 1 Günden Az","Siyah","Bilim Kurgu / Fantastik","Rock","Sokak Lezzetleri","Futbol","Brezilya / Arjantin"
"2022/05/14 12:42:19 ÖÖ GMT+3","Erkek","19 - 24","66 - 75","Youtube","Haftada 1 Günden Az","Mavi","Komedi","Rock","Hamburger","Basketbol","Amerika / Kanada"
"2022/05/14 12:42:19 ÖÖ GMT+3","Erkek","19 - 24","86 - 100","Youtube","Haftanın Her Günü","Mor","Bilim Kurgu / Fantastik","Pop","Kebap","Futbol","Amerika / Kanada"
"2022/05/14 12:42:20 ÖÖ GMT+3","Erkek","19 - 24","58 - 65","Youtube","Haftada 1-3 Gün","Kırmızı","Aksiyon / Macera","Rap","Döner","Futbol","Almanya"
"2022/05/14 12:42:21 ÖÖ GMT+3","Erkek","19 - 24","46 - 50","Instagram","Haftada 1-3 Gün","Mor","Polisiye / Suç","Rock","Döner","Basketbol","İskandinav Ülkeleri"
"2022/05/14 12:42:21 ÖÖ GMT+3","Erkek","19 - 24","66 - 75","Instagram","Haftada 4-6 Gün","Siyah","Dram / Romantik","Rock","Kebap","Basketbol","Amerika / Kanada"
"2022/05/14 12:42:25 ÖÖ GMT+3","Erkek","19 - 24","86 - 100","Instagram","Haftada 1-3 Gün","Siyah","Aksiyon / Macera","Rap","Kebap","Boks","Amerika / Kanada"
"2022/05/14 12:42:28 ÖÖ GMT+3","Erkek","19 - 24","76 - 85","Instagram","Haftada 1 Günden Az","Mor","Komedi","Rock","Pizza","Voleybol","İskandinav Ülkeleri"
"2022/05/14 12:42:29 ÖÖ GMT+3","Erkek","25 - 29","101+","Twitter","Haftada 1 Günden Az","Yeşil","Bilim Kurgu / Fantastik","Metal","Hamburger","Futbol","Amerika / Kanada"
"2022/05/14 12:42:30 ÖÖ GMT+3","Erkek","7 - 18","86 - 100","Youtube","Haftada 1 Günden Az","Siyah","Aksiyon / Macera","Pop","Hamburger","Basketbol","İskandinav Ülkeleri"
"2022/05/14 12:42:30 ÖÖ GMT+3","Erkek","19 - 24","76 - 85","Youtube","Haftada 1-3 Gün","Turuncu","Bilim Kurgu / Fantastik","Rap","Dünya Mutfağı","Vücut Geliştirme","Amerika / Kanada"
"2022/05/14 12:42:30 ÖÖ GMT+3","Erkek","7 - 18","46 - 50","Instagram","Haftada 1-3 Gün","Kırmızı","Komedi","Rap","Hamburger","Futbol","Amerika / Kanada"
"2022/05/14 12:42:31 ÖÖ GMT+3","Erkek","19 - 24","58 - 65","Twitter","Haftada 1 Günden Az","Siyah","Bilim Kurgu / Fantastik","Rock","Döner","Tenis / Masa Tenisi","İskandinav Ülkeleri"
"2022/05/14 12:42:31 ÖÖ GMT+3","Erkek","19 - 24","51 - 57","Instagram","Haftada 1-3 Gün","Siyah","Aksiyon / Macera","Pop","Döner","Futbol","Hollanda"
"2022/05/14 12:42:32 ÖÖ GMT+3","Erkek","19 - 24","66 - 75","Twitter","Haftada 4-6 Gün","Siyah","Aksiyon / Macera","Rap","Döner","Voleybol","Hollanda"
"2022/05/14 12:42:33 ÖÖ GMT+3","Erkek","7 - 18","66 - 75","Youtube","Haftada 1 Günden Az","Siyah","Animasyon / Anime / Çizgi Film","Metal","Dünya Mutfağı","Boks","Hollanda"
"2022/05/14 12:42:34 ÖÖ GMT+3","Erkek","19 - 24","101+","Instagram","Haftada 4-6 Gün","Kırmızı","Aksiyon / Macera","Rap","Kebap","Futbol","Amerika / Kanada"
"2022/05/14 12:42:34 ÖÖ GMT+3","Erkek","19 - 24","58 - 65","Youtube","Haftada 1 Günden Az","Mor","Komedi","Rap","Hamur İşi","Futbol","Almanya"
"2022/05/14 12:42:34 ÖÖ GMT+3","Erkek","19 - 24","76 - 85","Twitter","Haftada 1-3 Gün","Mor","Bilim Kurgu / Fantastik","Rap","Hamburger","Futbol","Amerika / Kanada"
"2022/05/14 12:42:34 ÖÖ GMT+3","Erkek","19 - 24","101+","Youtube","Haftanın Her Günü","Siyah","Bilim Kurgu / Fantastik","Tekno","Hamburger","Vücut Geliştirme","İskandinav Ülkeleri"
"2022/05/14 12:42:34 ÖÖ GMT+3","Erkek","30 - 40","66 - 75","Instagram","Haftada 1-3 Gün","Mavi","Polisiye / Suç","Metal","Hamur İşi","Basketbol","İskandinav Ülkeleri"
"2022/05/14 12:42:35 ÖÖ GMT+3","Erkek","19 - 24","101+","Youtube","Haftada 4-6 Gün","Siyah","Bilim Kurgu / Fantastik","Arabesk","Hamburger","Futbol","Amerika / Kanada"
"2022/05/14 12:42:35 ÖÖ GMT+3","Erkek","7 - 18","58 - 65","Youtube","Haftada 1-3 Gün","Mor","Polisiye / Suç","Rock","Döner","Futbol","İskandinav Ülkeleri"
"2022/05/14 12:42:35 ÖÖ GMT+3","Erkek","19 - 24","58 - 65","Youtube","Haftada 1 Günden Az","Siyah","Aksiyon / Macera","R&B","Pizza","Futbol","İskandinav Ülkeleri"
"2022/05/14 12:42:36 ÖÖ GMT+3","Erkek","25 - 29","76 - 85","Youtube","Haftada 1 Günden Az","Siyah","Bilim Kurgu / Fantastik","Pop","Hamburger","Boks","Uzakdoğu Ülkeleri"
"2022/05/14 12:42:36 ÖÖ GMT+3","Kadın","19 - 24","51 - 57","Instagram","Haftada 1-3 Gün","Mor","Polisiye / Suç","Rock","Sokak Lezzetleri","Basketbol","Amerika / Kanada"
"2022/05/14 12:42:36 ÖÖ GMT+3","Erkek","19 - 24","76 - 85","Instagram","Haftada 1-3 Gün","Turuncu","Bilim Kurgu / Fantastik","Pop","Pizza","Futbol","Amerika / Kanada"
"2022/05/14 12:42:37 ÖÖ GMT+3","Erkek","7 - 18","58 - 65","Instagram","Haftada 1 Günden Az","Siyah","Bilim Kurgu / Fantastik","R&B","Sokak Lezzetleri","Vücut Geliştirme","Amerika / Kanada"
"2022/05/14 12:42:37 ÖÖ GMT+3","Erkek","19 - 24","51 - 57","Twitter","Haftada 1 Günden Az","Mor","Bilim Kurgu / Fantastik","Rock","Döner","Basketbol","İskandinav Ülkeleri"
"2022/05/14 12:42:37 ÖÖ GMT+3","Erkek","7 - 18","58 - 65","Instagram","Haftada 1 Günden Az","Mavi","Polisiye / Suç","Rock","Hamburger","Voleybol","İskandinav Ülkeleri"
"2022/05/14 12:42:39 ÖÖ GMT+3","Erkek","7 - 18","101+","Instagram","Haftada 1-3 Gün","Mor","Animasyon / Anime / Çizgi Film","Arabesk","Dünya Mutfağı","Basketbol","Uzakdoğu Ülkeleri"
"2022/05/14 12:42:41 ÖÖ GMT+3","Erkek","19 - 24","76 - 85","Instagram","Haftada 1-3 Gün","Siyah","Korku / Gerilim","R&B","Hamburger","Futbol","İskandinav Ülkeleri"
"2022/05/14 12:42:41 ÖÖ GMT+3","Erkek","19 - 24","58 - 65","Instagram","Haftada 1-3 Gün","Siyah","Polisiye / Suç","Rap","Balık","Futbol","İskandinav Ülkeleri"
"2022/05/14 12:42:41 ÖÖ GMT+3","Erkek","19 - 24","86 - 100","Youtube","Haftada 1 Günden Az","Yeşil","Animasyon / Anime / Çizgi Film","Arabesk","Hamburger","Yüzme","Uzakdoğu Ülkeleri"
"2022/05/14 12:42:41 ÖÖ GMT+3","Erkek","19 - 24","66 - 75","Instagram","Haftada 1 Günden Az","Mor","Bilim Kurgu / Fantastik","R&B","Kebap","Futbol","Amerika / Kanada"
"2022/05/14 12:42:43 ÖÖ GMT+3","Erkek","25 - 29","86 - 100","Instagram","Haftada 1-3 Gün","Siyah","Bilim Kurgu / Fantastik","Pop","Kebap","Futbol","İskandinav Ülkeleri"
"2022/05/14 12:42:43 ÖÖ GMT+3","Erkek","19 - 24","76 - 85","Twitter","Haftada 1 Günden Az","Mavi","Bilim Kurgu / Fantastik","Klasik","Döner","Vücut Geliştirme","Almanya"
"2022/05/14 12:42:44 ÖÖ GMT+3","Erkek","19 - 24","66 - 75","Youtube","Haftada 1 Günden Az","Siyah","Komedi","Pop","Hamburger","Futbol","Amerika / Kanada"
"2022/05/14 12:42:45 ÖÖ GMT+3","Kadın","25 - 29","58 - 65","Youtube","Haftada 1 Günden Az","Mor","Bilim Kurgu / Fantastik","Rock","Sokak Lezzetleri","Basketbol","İskandinav Ülkeleri"
"2022/05/14 12:42:46 ÖÖ GMT+3","Erkek","19 - 24","58 - 65","Twitter","Haftada 1-3 Gün","Siyah","Bilim Kurgu / Fantastik","Rock","Balık","Futbol","İtalya"
"2022/05/14 12:42:46 ÖÖ GMT+3","Erkek","7 - 18","51 - 57","Youtube","Haftada 1 Günden Az","Turuncu","Komedi","Rap","Tost & Sandviç","Voleybol","İskandinav Ülkeleri"
"2022/05/14 12:42:46 ÖÖ GMT+3","Erkek","7 - 18","58 - 65","Youtube","Haftada 1 Günden Az","Mavi","Bilim Kurgu / Fantastik","Rap","Döner","Futbol","Amerika / Kanada"
"2022/05/14 12:42:48 ÖÖ GMT+3","Kadın","19 - 24","51 - 57","Instagram","Haftada 1 Günden Az","Yeşil","Korku / Gerilim","Rock","Hamur İşi","Yüzme","İskandinav Ülkeleri"
"2022/05/14 12:42:48 ÖÖ GMT+3","Erkek","19 - 24","76 - 85","Youtube","Haftada 1 Günden Az","Siyah","Bilim Kurgu / Fantastik","Rock","Kebap","Boks","Brezilya / Arjantin"
"2022/05/14 12:42:49 ÖÖ GMT+3","Erkek","19 - 24","51 - 57","Youtube","Haftada 1-3 Gün","Yeşil","Bilim Kurgu / Fantastik","Rap","Döner","Futbol","Avustralya / Yeni Zelanda"
"2022/05/14 12:42:49 ÖÖ GMT+3","Erkek","19 - 24","76 - 85","Twitter","Haftada 1 Günden Az","Turuncu","Komedi","Rap","Hamburger","Voleybol","İskandinav Ülkeleri"
"2022/05/14 12:42:49 ÖÖ GMT+3","Erkek","7 - 18","58 - 65","Instagram","Haftada 1 Günden Az","Kırmızı","Bilim Kurgu / Fantastik","Rap","Kebap","Vücut Geliştirme","Uzakdoğu Ülkeleri"
"2022/05/14 12:42:50 ÖÖ GMT+3","Erkek","7 - 18","86 - 100","Twitter","Haftada 1-3 Gün","Kırmızı","Polisiye / Suç","Rap","Kebap","Futbol","Almanya"
"2022/05/14 12:42:50 ÖÖ GMT+3","Erkek","19 - 24","58 - 65","Youtube","Haftada 4-6 Gün","Siyah","Aksiyon / Macera","Rap","Kebap","Basketbol","Amerika / Kanada"
"2022/05/14 12:42:50 ÖÖ GMT+3","Erkek","19 - 24","86 - 100","Instagram","Haftada 1-3 Gün","Mavi","Polisiye / Suç","Tekno","Hamburger","Futbol","İskandinav Ülkeleri"
"2022/05/14 12:42:50 ÖÖ GMT+3","Erkek","19 - 24","86 - 100","Youtube","Haftada 4-6 Gün","Mavi","Bilim Kurgu / Fantastik","Arabesk","Sokak Lezzetleri","Futbol","Brezilya / Arjantin"
"2022/05/14 12:42:50 ÖÖ GMT+3","Erkek","19 - 24","46 - 50","Twitter","Haftada 1 Günden Az","Mor","Polisiye / Suç","Rap","Hamburger","Basketbol","Brezilya / Arjantin"
"2022/05/14 12:42:51 ÖÖ GMT+3","Erkek","7 - 18","58 - 65","Youtube","Haftada 1-3 Gün","Mor","Aksiyon / Macera","Rap","Hamburger","Futbol","Amerika / Kanada"
"2022/05/14 12:42:52 ÖÖ GMT+3","Erkek","19 - 24","66 - 75","Youtube","Haftada 1-3 Gün","Siyah","Bilim Kurgu / Fantastik","Rock","Hamburger","Futbol","İskandinav Ülkeleri"
"2022/05/14 12:42:52 ÖÖ GMT+3","Erkek","19 - 24","76 - 85","Instagram","Haftada 1-3 Gün","Mor","Bilim Kurgu / Fantastik","Rock","Dünya Mutfağı","Futbol","Hollanda"
"2022/05/14 12:42:52 ÖÖ GMT+3","Erkek","19 - 24","66 - 75","Instagram","Haftada 1 Günden Az","Turuncu","Komedi","Arabesk","Döner","Futbol","İskandinav Ülkeleri"
"2022/05/14 12:42:52 ÖÖ GMT+3","Erkek","30 - 40","101+","Instagram","Haftada 1-3 Gün","Mavi","Bilim Kurgu / Fantastik","Klasik","Hamur İşi","Tenis / Masa Tenisi","Uzakdoğu Ülkeleri"
"2022/05/14 12:42:52 ÖÖ GMT+3","Kadın","19 - 24","76 - 85","Instagram","Haftada 1 Günden Az","Sarı","Bilim Kurgu / Fantastik","Pop","Hamburger","Vücut Geliştirme","Uzakdoğu Ülkeleri"
"2022/05/14 12:42:53 ÖÖ GMT+3","Erkek","19 - 24","76 - 85","Youtube","Haftada 1 Günden Az","Siyah","Bilim Kurgu / Fantastik","Rock","Kebap","Vücut Geliştirme","İskandinav Ülkeleri"
"2022/05/14 12:42:53 ÖÖ GMT+3","Erkek","25 - 29","101+","Twitter","Haftada 1-3 Gün","Siyah","Bilim Kurgu / Fantastik","Rock","Döner","Futbol","İskandinav Ülkeleri"
"2022/05/14 12:42:53 ÖÖ GMT+3","Erkek","19 - 24","51 - 57","Instagram","Haftada 1-3 Gün","Mavi","Polisiye / Suç","Rap","Sokak Lezzetleri","Futbol","Brezilya / Arjantin"
"2022/05/14 12:42:53 ÖÖ GMT+3","Erkek","19 - 24","66 - 75","Youtube","Haftada 1-3 Gün","Siyah","Animasyon / Anime / Çizgi Film","Rock","Sokak Lezzetleri","Futbol","İtalya"
"2022/05/14 12:42:53 ÖÖ GMT+3","Erkek","7 - 18","66 - 75","Youtube","Haftada 1 Günden Az","Mor","Polisiye / Suç","Blues","Sokak Lezzetleri","Vücut Geliştirme","İskandinav Ülkeleri"
"2022/05/14 12:42:53 ÖÖ GMT+3","Erkek","19 - 24","66 - 75","Twitter","Haftada 1-3 Gün","Siyah","Bilim Kurgu / Fantastik","Rock","Hamburger","Futbol","İskandinav Ülkeleri"
"2022/05/14 12:42:54 ÖÖ GMT+3","Erkek","19 - 24","46 - 50","Twitter","Haftada 4-6 Gün","Mavi","Korku / Gerilim","Rock","Sokak Lezzetleri","Futbol","İspanya / Portekiz"
"2022/05/14 12:42:54 ÖÖ GMT+3","Kadın","19 - 24","58 - 65","Instagram","Haftada 1 Günden Az","Mor","Komedi","Pop","Kebap","Futbol","Uzakdoğu Ülkeleri"
"2022/05/14 12:42:54 ÖÖ GMT+3","Erkek","19 - 24","101+","Youtube","Haftada 1-3 Gün","Siyah","Korku / Gerilim","Rap","Döner","Basketbol","Amerika / Kanada"
"2022/05/14 12:42:55 ÖÖ GMT+3","Erkek","7 - 18","76 - 85","Instagram","Haftada 1-3 Gün","Siyah","Aksiyon / Macera","Rap","Hamburger","Futbol","Amerika / Kanada"
"2022/05/14 12:42:55 ÖÖ GMT+3","Erkek","19 - 24","66 - 75","Youtube","Haftada 4-6 Gün","Mavi","Bilim Kurgu / Fantastik","Pop","Kebap","Basketbol","Amerika / Kanada"
"2022/05/14 12:42:56 ÖÖ GMT+3","Erkek","19 - 24","46 - 50","Youtube","Haftada 1 Günden Az","Mavi","Aksiyon / Macera","Rap","Tost & Sandviç","Boks","Amerika / Kanada"
"2022/05/14 12:42:56 ÖÖ GMT+3","Kadın","19 - 24","46 - 50","Youtube","Haftada 1 Günden Az","Kırmızı","Korku / Gerilim","Arabesk","Hamburger","Voleybol","Fransa"
"2022/05/14 12:42:56 ÖÖ GMT+3","Erkek","7 - 18","58 - 65","Instagram","Haftada 1 Günden Az","Kırmızı","Aksiyon / Macera","Rap","Hamburger","Futbol","Amerika / Kanada"
"2022/05/14 12:42:56 ÖÖ GMT+3","Kadın","19 - 24","46 - 50","Youtube","Haftada 1 Günden Az","Siyah","Korku / Gerilim","Rock","Hamburger","Basketbol","Amerika / Kanada"
"2022/05/14 12:42:57 ÖÖ GMT+3","Erkek","19 - 24","66 - 75","Youtube","Haftada 1 Günden Az","Siyah","Bilim Kurgu / Fantastik","Rap","Döner","Boks","İtalya"
"2022/05/14 12:42:57 ÖÖ GMT+3","Erkek","7 - 18","66 - 75","Youtube","Haftada 1-3 Gün","Mor","Bilim Kurgu / Fantastik","Metal","Hamburger","Futbol","Hollanda"
"2022/05/14 12:42:57 ÖÖ GMT+3","Kadın","19 - 24","58 - 65","Youtube","Haftada 1-3 Gün","Kırmızı","Komedi","Arabesk","Pizza","Basketbol","İskandinav Ülkeleri"
"2022/05/14 12:42:57 ÖÖ GMT+3","Erkek","19 - 24","58 - 65","Instagram","Haftada 4-6 Gün","Beyaz","Polisiye / Suç","Rap","Hamburger","Futbol","İspanya / Portekiz"
"2022/05/14 12:42:58 ÖÖ GMT+3","Erkek","19 - 24","58 - 65","Instagram","Haftada 1-3 Gün","Siyah","Aksiyon / Macera","Pop","Döner","Futbol","Amerika / Kanada"
"2022/05/14 12:42:58 ÖÖ GMT+3","Erkek","19 - 24","76 - 85","Youtube","Haftada 1-3 Gün","Mor","Komedi","Rap","Hamburger","Futbol","Amerika / Kanada"
"2022/05/14 12:42:58 ÖÖ GMT+3","Erkek","25 - 29","66 - 75","Twitter","Haftada 4-6 Gün","Yeşil","Polisiye / Suç","Rap","Sokak Lezzetleri","Basketbol","İskandinav Ülkeleri"
"2022/05/14 12:42:59 ÖÖ GMT+3","Erkek","19 - 24","76 - 85","Youtube","Haftada 1 Günden Az","Siyah","Komedi","Rap","Tost & Sandviç","Futbol","Amerika / Kanada"
"2022/05/14 12:42:59 ÖÖ GMT+3","Kadın","19 - 24","66 - 75","Twitter","Haftada 1 Günden Az","Siyah","Bilim Kurgu / Fantastik","Rock","Sokak Lezzetleri","Basketbol","İtalya"
"2022/05/14 12:42:59 ÖÖ GMT+3","Erkek","19 - 24","58 - 65","Instagram","Haftada 1-3 Gün","Siyah","Komedi","Rap","Kebap","Yüzme","Amerika / Kanada"
"2022/05/14 12:42:59 ÖÖ GMT+3","Erkek","19 - 24","66 - 75","Instagram","Haftada 4-6 Gün","Mavi","Aksiyon / Macera","Pop","Hamburger","Futbol","İskandinav Ülkeleri"
"2022/05/14 12:42:59 ÖÖ GMT+3","Erkek","19 - 24","66 - 75","Instagram","Haftada 4-6 Gün","Siyah","Bilim Kurgu / Fantastik","Rap","Kebap","Basketbol","İskandinav Ülkeleri"
"2022/05/14 12:42:59 ÖÖ GMT+3","Erkek","7 - 18","66 - 75","Twitter","Haftada 1 Günden Az","Kahverengi","Polisiye / Suç","Klasik","Döner","Futbol","Fransa"
"2022/05/14 12:43:00 ÖÖ GMT+3","Erkek","25 - 29","76 - 85","Youtube","Haftada 1-3 Gün","Siyah","Komedi","Pop","Tost & Sandviç","Futbol","Amerika / Kanada"
"2022/05/14 12:43:00 ÖÖ GMT+3","Erkek","19 - 24","86 - 100","Instagram","Haftada 1 Günden Az","Mor","Bilim Kurgu / Fantastik","Pop","Döner","Futbol","Fransa"
"2022/05/14 12:43:00 ÖÖ GMT+3","Erkek","19 - 24","76 - 85","Instagram","Haftada 1 Günden Az","Siyah","Aksiyon / Macera","Rap","Sokak Lezzetleri","Vücut Geliştirme","İskandinav Ülkeleri"
"2022/05/14 12:43:00 ÖÖ GMT+3","Kadın","19 - 24","76 - 85","Instagram","Haftada 1 Günden Az","Kahverengi","Aksiyon / Macera","R&B","Sokak Lezzetleri","Yüzme","İskandinav Ülkeleri"
"2022/05/14 12:43:01 ÖÖ GMT+3","Erkek","7 - 18","86 - 100","Youtube","Haftada 1 Günden Az","Mavi","Bilim Kurgu / Fantastik","Arabesk","Sokak Lezzetleri","Futbol","Amerika / Kanada"
"2022/05/14 12:43:02 ÖÖ GMT+3","Erkek","7 - 18","66 - 75","Twitter","Haftada 1-3 Gün","Siyah","Bilim Kurgu / Fantastik","Rap","Sokak Lezzetleri","Futbol","Amerika / Kanada"
"2022/05/14 12:43:02 ÖÖ GMT+3","Erkek","7 - 18","58 - 65","Youtube","Haftada 1-3 Gün","Mor","Komedi","R&B","Kebap","Futbol","İtalya"
"2022/05/14 12:43:03 ÖÖ GMT+3","Erkek","19 - 24","86 - 100","Instagram","Haftada 1 Günden Az","Mor","Dram / Romantik","R&B","Döner","Vücut Geliştirme","Almanya"
"2022/05/14 12:43:03 ÖÖ GMT+3","Erkek","30 - 40","66 - 75","Youtube","Haftada 1-3 Gün","Yeşil","Belgesel / Biyografi","Rap","Hamburger","Tenis / Masa Tenisi","Uzakdoğu Ülkeleri"
"2022/05/14 12:43:03 ÖÖ GMT+3","Erkek","19 - 24","76 - 85","Youtube","Haftada 1-3 Gün","Siyah","Komedi","Rap","Hamburger","Futbol","İspanya / Portekiz"
"2022/05/14 12:43:03 ÖÖ GMT+3","Erkek","19 - 24","58 - 65","Instagram","Haftanın Her Günü","Mavi","Bilim Kurgu / Fantastik","Pop","Döner","Futbol","İskandinav Ülkeleri"
"2022/05/14 12:43:05 ÖÖ GMT+3","Erkek","19 - 24","58 - 65","Youtube","Haftada 1 Günden Az","Mor","Bilim Kurgu / Fantastik","Rap","Hamburger","Futbol","Amerika / Kanada"
"2022/05/14 12:43:05 ÖÖ GMT+3","Erkek","19 - 24","58 - 65","Twitter","Haftanın Her Günü","Mor","Bilim Kurgu / Fantastik","Rock","Dünya Mutfağı","Basketbol","İspanya / Portekiz"
"2022/05/14 12:43:06 ÖÖ GMT+3","Erkek","19 - 24","66 - 75","Youtube","Haftada 1 Günden Az","Siyah","Belgesel / Biyografi","Pop","Hamur İşi","Basketbol","İskandinav Ülkeleri"
"2022/05/14 12:43:08 ÖÖ GMT+3","Erkek","7 - 18","76 - 85","Youtube","Haftada 1-3 Gün","Siyah","Korku / Gerilim","Rap","Döner","Vücut Geliştirme","Uzakdoğu Ülkeleri"
"2022/05/14 12:43:08 ÖÖ GMT+3","Erkek","19 - 24","66 - 75","Youtube","Haftada 1-3 Gün","Mor","Bilim Kurgu / Fantastik","Arabesk","Kebap","Futbol","İspanya / Portekiz"
"2022/05/14 12:43:09 ÖÖ GMT+3","Erkek","19 - 24","66 - 75","Instagram","Haftada 1 Günden Az","Siyah","Aksiyon / Macera","Rock","Balık","Futbol","İskandinav Ülkeleri"
"2022/05/14 12:43:10 ÖÖ GMT+3","Erkek","25 - 29","101+","Youtube","Haftada 1 Günden Az","Kırmızı","Bilim Kurgu / Fantastik","Rock","Hamur İşi","Futbol","Almanya"
"2022/05/14 12:43:10 ÖÖ GMT+3","Erkek","7 - 18","58 - 65","Youtube","Haftada 1 Günden Az","Mavi","Bilim Kurgu / Fantastik","Pop","Pizza","Yüzme","Fransa"
"2022/05/14 12:43:10 ÖÖ GMT+3","Kadın","25 - 29","58 - 65","Instagram","Haftada 1 Günden Az","Kırmızı","Aksiyon / Macera","Rap","Sokak Lezzetleri","Basketbol","İtalya"
"2022/05/14 12:43:15 ÖÖ GMT+3","Erkek","19 - 24","66 - 75","Youtube","Haftada 1 Günden Az","Siyah","Bilim Kurgu / Fantastik","Rock","Dünya Mutfağı","Vücut Geliştirme","İtalya"
"2022/05/14 12:43:15 ÖÖ GMT+3","Kadın","19 - 24","46 - 50","Youtube","Haftada 1 Günden Az","Mor","Animasyon / Anime / Çizgi Film","Pop","Hamburger","Voleybol","İskandinav Ülkeleri"
"2022/05/14 12:43:15 ÖÖ GMT+3","Erkek","25 - 29","66 - 75","Youtube","Haftada 1-3 Gün","Siyah","Bilim Kurgu / Fantastik","Rap","Kebap","Yüzme","Amerika / Kanada"
"2022/05/14 12:43:15 ÖÖ GMT+3","Erkek","19 - 24","76 - 85","Youtube","Haftada 1-3 Gün","Mavi","Korku / Gerilim","Rap","Döner","Futbol","Hollanda"
"2022/05/14 12:43:17 ÖÖ GMT+3","Erkek","19 - 24","86 - 100","Youtube","Haftada 1-3 Gün","Mor","Bilim Kurgu / Fantastik","Rap","Kebap","Yüzme","Amerika / Kanada"
"2022/05/14 12:43:17 ÖÖ GMT+3","Erkek","7 - 18","51 - 57","Youtube","Haftada 4-6 Gün","Yeşil","Aksiyon / Macera","R&B","Sokak Lezzetleri","Basketbol","Brezilya / Arjantin"
"2022/05/14 12:43:17 ÖÖ GMT+3","Erkek","19 - 24","66 - 75","Instagram","Haftada 1-3 Gün","Siyah","Polisiye / Suç","Tekno","Sokak Lezzetleri","Futbol","Almanya"
"2022/05/14 12:43:18 ÖÖ GMT+3","Erkek","25 - 29","76 - 85","Instagram","Haftada 1 Günden Az","Siyah","Bilim Kurgu / Fantastik","Rap","Döner","Futbol","İskandinav Ülkeleri"
"2022/05/14 12:43:19 ÖÖ GMT+3","Erkek","19 - 24","58 - 65","Youtube","Haftanın Her Günü","Sarı","Animasyon / Anime / Çizgi Film","Klasik","Hamburger","Yüzme","Uzakdoğu Ülkeleri"
"2022/05/14 12:43:19 ÖÖ GMT+3","Erkek","19 - 24","66 - 75","Youtube","Haftada 1 Günden Az","Siyah","Bilim Kurgu / Fantastik","Rap","Kebap","Futbol","İskandinav Ülkeleri"
"2022/05/14 12:43:21 ÖÖ GMT+3","Kadın","19 - 24","51 - 57","Instagram","Haftada 1 Günden Az","Mor","Bilim Kurgu / Fantastik","Rap","Hamburger","Tenis / Masa Tenisi","İskandinav Ülkeleri"
"2022/05/14 12:43:21 ÖÖ GMT+3","Erkek","19 - 24","86 - 100","Youtube","Haftada 4-6 Gün","Mavi","Bilim Kurgu / Fantastik","Rap","Kebap","Futbol","Ortadoğu Ülkeleri"
"2022/05/14 12:43:21 ÖÖ GMT+3","Erkek","7 - 18","58 - 65","Instagram","Haftada 1 Günden Az","Mor","Aksiyon / Macera","Tekno","Hamburger","Vücut Geliştirme","İskandinav Ülkeleri"
"2022/05/14 12:43:22 ÖÖ GMT+3","Erkek","25 - 29","86 - 100","Youtube","Haftada 1-3 Gün","Mor","Bilim Kurgu / Fantastik","Rap","Hamur İşi","Basketbol","Amerika / Kanada"
"2022/05/14 12:43:22 ÖÖ GMT+3","Erkek","19 - 24","76 - 85","Youtube","Haftada 4-6 Gün","Siyah","Belgesel / Biyografi","Rock","Hamburger","Futbol","İskandinav Ülkeleri"
"2022/05/14 12:43:23 ÖÖ GMT+3","Erkek","19 - 24","66 - 75","Twitter","Haftada 1 Günden Az","Turuncu","Bilim Kurgu / Fantastik","Rock","Döner","Futbol","İskandinav Ülkeleri"
"2022/05/14 12:43:23 ÖÖ GMT+3","Erkek","19 - 24","76 - 85","Instagram","Haftada 1 Günden Az","Mavi","Bilim Kurgu / Fantastik","Rap","Döner","Futbol","Amerika / Kanada"
"2022/05/14 12:43:23 ÖÖ GMT+3","Kadın","7 - 18","51 - 57","Youtube","Haftada 1 Günden Az","Kahverengi","Komedi","Rap","Kebap","Basketbol","Amerika / Kanada"
"2022/05/14 12:43:24 ÖÖ GMT+3","Erkek","7 - 18","51 - 57","Youtube","Haftada 1 Günden Az","Mor","Bilim Kurgu / Fantastik","Blues","Pizza","Boks","İskandinav Ülkeleri"
"2022/05/14 12:43:25 ÖÖ GMT+3","Kadın","19 - 24","76 - 85","Youtube","Haftada 1-3 Gün","Siyah","Bilim Kurgu / Fantastik","Klasik","Döner","Tenis / Masa Tenisi","İskandinav Ülkeleri"
"2022/05/14 12:43:25 ÖÖ GMT+3","Erkek","19 - 24","76 - 85","Instagram","Haftada 1-3 Gün","Siyah","Bilim Kurgu / Fantastik","Tekno","Kebap","Boks","İskandinav Ülkeleri"
"2022/05/14 12:43:25 ÖÖ GMT+3","Erkek","7 - 18","76 - 85","Youtube","Haftada 4-6 Gün","Yeşil","Aksiyon / Macera","Rap","Kebap","Futbol","Amerika / Kanada"
"2022/05/14 12:43:26 ÖÖ GMT+3","Kadın","7 - 18","35 - 45","Instagram","Haftada 1-3 Gün","Yeşil","Polisiye / Suç","Metal","Dünya Mutfağı","Tenis / Masa Tenisi","Uzakdoğu Ülkeleri"
"2022/05/14 12:43:26 ÖÖ GMT+3","Erkek","7 - 18","66 - 75","Twitter","Haftada 1-3 Gün","Siyah","Bilim Kurgu / Fantastik","Rock","Döner","Basketbol","İskandinav Ülkeleri"
"2022/05/14 12:43:27 ÖÖ GMT+3","Erkek","30 - 40","86 - 100","Youtube","Haftada 1-3 Gün","Beyaz","Korku / Gerilim","Caz","Dünya Mutfağı","Futbol","Brezilya / Arjantin"
"2022/05/14 12:43:28 ÖÖ GMT+3","Erkek","19 - 24","86 - 100","Instagram","Haftada 1 Günden Az","Kırmızı","Bilim Kurgu / Fantastik","Tekno","Hamburger","Vücut Geliştirme","Amerika / Kanada"
"2022/05/14 12:43:30 ÖÖ GMT+3","Kadın","19 - 24","66 - 75","Instagram","Haftada 1-3 Gün","Mavi","Bilim Kurgu / Fantastik","Rock","Pizza","Basketbol","İtalya"
"2022/05/14 12:43:30 ÖÖ GMT+3","Erkek","7 - 18","66 - 75","Instagram","Haftada 1 Günden Az","Yeşil","Animasyon / Anime / Çizgi Film","Rock","Döner","Voleybol","Hollanda"
"2022/05/14 12:43:31 ÖÖ GMT+3","Erkek","19 - 24","86 - 100","Instagram","Haftada 1 Günden Az","Mor","Bilim Kurgu / Fantastik","Rap","Dünya Mutfağı","Vücut Geliştirme","Amerika / Kanada"
"2022/05/14 12:43:31 ÖÖ GMT+3","Erkek","19 - 24","66 - 75","Youtube","Haftada 1-3 Gün","Mor","Aksiyon / Macera","Rap","Döner","Futbol","Brezilya / Arjantin"
"2022/05/14 12:43:32 ÖÖ GMT+3","Erkek","19 - 24","86 - 100","Youtube","Haftada 1 Günden Az","Mavi","Polisiye / Suç","Arabesk","Kebap","Tenis / Masa Tenisi","İskandinav Ülkeleri"
"2022/05/14 12:43:32 ÖÖ GMT+3","Erkek","7 - 18","66 - 75","Youtube","Haftada 1 Günden Az","Siyah","Aksiyon / Macera","Rock","Hamburger","Futbol","İskandinav Ülkeleri"
"2022/05/14 12:43:32 ÖÖ GMT+3","Erkek","19 - 24","76 - 85","Twitter","Haftada 1-3 Gün","Kırmızı","Polisiye / Suç","Rap","Sokak Lezzetleri","Vücut Geliştirme","Amerika / Kanada"
"2022/05/14 12:43:35 ÖÖ GMT+3","Erkek","19 - 24","66 - 75","Instagram","Haftada 1-3 Gün","Mavi","Bilim Kurgu / Fantastik","Rock","Döner","Vücut Geliştirme","İskandinav Ülkeleri"
"2022/05/14 12:43:35 ÖÖ GMT+3","Erkek","19 - 24","66 - 75","Instagram","Haftada 1 Günden Az","Mavi","Aksiyon / Macera","Rap","Döner","Futbol","Amerika / Kanada"
"2022/05/14 12:43:38 ÖÖ GMT+3","Erkek","19 - 24","76 - 85","Youtube","Haftada 1 Günden Az","Siyah","Aksiyon / Macera","R&B","Dünya Mutfağı","Futbol","İskandinav Ülkeleri"
"2022/05/14 12:43:38 ÖÖ GMT+3","Kadın","7 - 18","35 - 45","Youtube","Haftada 1-3 Gün","Siyah","Dram / Romantik","Rock","Döner","Voleybol","İskandinav Ülkeleri"
"2022/05/14 12:43:39 ÖÖ GMT+3","Erkek","19 - 24","76 - 85","Instagram","Haftada 1 Günden Az","Turuncu","Bilim Kurgu / Fantastik","Rock","Döner","Vücut Geliştirme","İskandinav Ülkeleri"
"2022/05/14 12:43:40 ÖÖ GMT+3","Erkek","7 - 18","58 - 65","Instagram","Haftada 1 Günden Az","Mor","Bilim Kurgu / Fantastik","Metal","Döner","Tenis / Masa Tenisi","Amerika / Kanada"
"2022/05/14 12:43:42 ÖÖ GMT+3","Erkek","7 - 18","46 - 50","Instagram","Haftada 1-3 Gün","Siyah","Bilim Kurgu / Fantastik","Rap","Döner","Futbol","Amerika / Kanada"
"2022/05/14 12:43:43 ÖÖ GMT+3","Erkek","7 - 18","51 - 57","Instagram","Haftada 1-3 Gün","Yeşil","Komedi","Pop","Kebap","Futbol","İspanya / Portekiz"
"2022/05/14 12:43:44 ÖÖ GMT+3","Erkek","19 - 24","76 - 85","Instagram","Haftada 1-3 Gün","Siyah","Aksiyon / Macera","Tekno","Sokak Lezzetleri","Vücut Geliştirme","Uzakdoğu Ülkeleri"
"2022/05/14 12:43:45 ÖÖ GMT+3","Erkek","19 - 24","66 - 75","Youtube","Haftada 1-3 Gün","Mor","Dram / Romantik","Rap","Hamburger","Futbol","Avustralya / Yeni Zelanda"
"2022/05/14 12:43:46 ÖÖ GMT+3","Erkek","19 - 24","66 - 75","Youtube","Haftada 1 Günden Az","Mavi","Aksiyon / Macera","Pop","Döner","Boks","Amerika / Kanada"
"2022/05/14 12:43:46 ÖÖ GMT+3","Erkek","19 - 24","66 - 75","Youtube","Haftada 1 Günden Az","Kırmızı","Aksiyon / Macera","Rap","Döner","Futbol","Almanya"
"2022/05/14 12:43:47 ÖÖ GMT+3","Erkek","7 - 18","66 - 75","Instagram","Haftada 4-6 Gün","Siyah","Bilim Kurgu / Fantastik","Rap","Sokak Lezzetleri","Futbol","İtalya"
"2022/05/14 12:43:48 ÖÖ GMT+3","Erkek","7 - 18","58 - 65","Youtube","Haftada 1-3 Gün","Mavi","Polisiye / Suç","Klasik","Kebap","Futbol","Amerika / Kanada"
"2022/05/14 12:43:49 ÖÖ GMT+3","Erkek","19 - 24","66 - 75","Youtube","Haftada 1 Günden Az","Siyah","Bilim Kurgu / Fantastik","Metal","Dünya Mutfağı","Boks","İskandinav Ülkeleri"
"2022/05/14 12:43:49 ÖÖ GMT+3","Erkek","19 - 24","66 - 75","Youtube","Haftada 1 Günden Az","Siyah","Dram / Romantik","Metal","Pizza","Futbol","İskandinav Ülkeleri"
"2022/05/14 12:43:49 ÖÖ GMT+3","Erkek","7 - 18","58 - 65","Instagram","Haftada 1 Günden Az","Siyah","Bilim Kurgu / Fantastik","Rap","Döner","Vücut Geliştirme","Amerika / Kanada"
"2022/05/14 12:43:50 ÖÖ GMT+3","Erkek","7 - 18","66 - 75","Youtube","Haftada 1-3 Gün","Siyah","Animasyon / Anime / Çizgi Film","Pop","Döner","Futbol","Amerika / Kanada"
"2022/05/14 12:43:51 ÖÖ GMT+3","Kadın","19 - 24","51 - 57","Instagram","Haftada 1 Günden Az","Siyah","Polisiye / Suç","Pop","Dünya Mutfağı","Futbol","İtalya"
"2022/05/14 12:43:53 ÖÖ GMT+3","Erkek","19 - 24","101+","Instagram","Haftada 1-3 Gün","Siyah","Bilim Kurgu / Fantastik","Rock","Döner","Futbol","İskandinav Ülkeleri"
"2022/05/14 12:43:54 ÖÖ GMT+3","Kadın","19 - 24","51 - 57","Twitter","Haftada 1-3 Gün","Kahverengi","Korku / Gerilim","Rock","Hamburger","Basketbol","Amerika / Kanada"
"2022/05/14 12:43:56 ÖÖ GMT+3","Erkek","19 - 24","58 - 65","Twitter","Haftada 1 Günden Az","Siyah","Bilim Kurgu / Fantastik","Rock","Dünya Mutfağı","Futbol","İskandinav Ülkeleri"
"2022/05/14 12:43:57 ÖÖ GMT+3","Erkek","19 - 24","86 - 100","Twitter","Haftada 1-3 Gün","Siyah","Aksiyon / Macera","Rock","Döner","Futbol","Amerika / Kanada"
"2022/05/14 12:43:59 ÖÖ GMT+3","Kadın","19 - 24","76 - 85","Instagram","Haftada 1 Günden Az","Mor","Bilim Kurgu / Fantastik","Pop","Hamburger","Voleybol","Amerika / Kanada"
"2022/05/14 12:43:59 ÖÖ GMT+3","Erkek","19 - 24","58 - 65","Twitter","Haftada 1 Günden Az","Mavi","Komedi","Rock","Hamburger","Futbol","Amerika / Kanada"
"2022/05/14 12:43:59 ÖÖ GMT+3","Erkek","19 - 24","76 - 85","Twitter","Haftada 1-3 Gün","Kırmızı","Bilim Kurgu / Fantastik","Rap","Hamburger","Futbol","İskandinav Ülkeleri"
"2022/05/14 12:44:01 ÖÖ GMT+3","Erkek","19 - 24","76 - 85","Instagram","Haftada 1 Günden Az","Mavi","Bilim Kurgu / Fantastik","Rap","Kebap","Basketbol","Fransa"
"2022/05/14 12:44:03 ÖÖ GMT+3","Erkek","25 - 29","101+","Instagram","Haftada 1 Günden Az","Siyah","Aksiyon / Macera","R&B","Tost & Sandviç","Futbol","Brezilya / Arjantin"
"2022/05/14 12:44:05 ÖÖ GMT+3","Erkek","19 - 24","101+","Youtube","Haftada 1 Günden Az","Mavi","Bilim Kurgu / Fantastik","Rock","Hamburger","Futbol","İskandinav Ülkeleri"
"2022/05/14 12:44:06 ÖÖ GMT+3","Erkek","19 - 24","66 - 75","Youtube","Haftada 1 Günden Az","Yeşil","Polisiye / Suç","Pop","Balık","Basketbol","İtalya"
"2022/05/14 12:44:11 ÖÖ GMT+3","Erkek","25 - 29","66 - 75","Youtube","Haftada 1 Günden Az","Sarı","Bilim Kurgu / Fantastik","Tekno","Hamur İşi","Futbol","Uzakdoğu Ülkeleri"
"2022/05/14 12:44:14 ÖÖ GMT+3","Erkek","46 - 51","101+","Youtube","Haftada 1 Günden Az","Siyah","Bilim Kurgu / Fantastik","Blues","Kebap","Basketbol","Amerika / Kanada"
"2022/05/14 12:44:14 ÖÖ GMT+3","Erkek","19 - 24","58 - 65","Youtube","Haftada 4-6 Gün","Mor","Bilim Kurgu / Fantastik","Rap","Sokak Lezzetleri","Futbol","İskandinav Ülkeleri"
"2022/05/14 12:44:15 ÖÖ GMT+3","Erkek","19 - 24","46 - 50","Youtube","Haftada 1-3 Gün","Siyah","Aksiyon / Macera","Tekno","Kebap","Futbol","İskandinav Ülkeleri"
"2022/05/14 12:44:17 ÖÖ GMT+3","Kadın","19 - 24","58 - 65","Twitter","Haftada 1-3 Gün","Turuncu","Bilim Kurgu / Fantastik","Klasik","Hamburger","Tenis / Masa Tenisi","İskandinav Ülkeleri"
"2022/05/14 12:44:22 ÖÖ GMT+3","Kadın","19 - 24","35 - 45","Instagram","Haftada 1-3 Gün","Yeşil","Aksiyon / Macera","Pop","Dünya Mutfağı","Vücut Geliştirme","İskandinav Ülkeleri"
"2022/05/14 12:44:25 ÖÖ GMT+3","Erkek","7 - 18","51 - 57","Instagram","Haftada 1 Günden Az","Mavi","Aksiyon / Macera","Rap","Döner","Futbol","İtalya"
"2022/05/14 12:44:27 ÖÖ GMT+3","Erkek","19 - 24","66 - 75","Youtube","Haftada 1-3 Gün","Mor","Animasyon / Anime / Çizgi Film","Rap","Pizza","Futbol","Uzakdoğu Ülkeleri"
"2022/05/14 12:44:27 ÖÖ GMT+3","Erkek","7 - 18","76 - 85","Youtube","Haftada 1 Günden Az","Kırmızı","Aksiyon / Macera","Rock","Döner","Basketbol","İspanya / Portekiz"
"2022/05/14 12:44:28 ÖÖ GMT+3","Erkek","19 - 24","66 - 75","Facebook","Haftada 1-3 Gün","Siyah","Bilim Kurgu / Fantastik","Rap","Hamburger","Futbol","Amerika / Kanada"
"2022/05/14 12:44:35 ÖÖ GMT+3","Erkek","19 - 24","66 - 75","Instagram","Haftada 1 Günden Az","Siyah","Bilim Kurgu / Fantastik","Arabesk","Hamur İşi","Tenis / Masa Tenisi","Fransa"
"2022/05/14 12:44:36 ÖÖ GMT+3","Erkek","19 - 24","51 - 57","Youtube","Haftada 1-3 Gün","Kahverengi","Bilim Kurgu / Fantastik","Rap","Hamburger","Basketbol","Uzakdoğu Ülkeleri"
"2022/05/14 12:44:41 ÖÖ GMT+3","Kadın","19 - 24","66 - 75","Youtube","Haftada 4-6 Gün","Siyah","Aksiyon / Macera","Rock","Hamur İşi","Voleybol","İtalya"
"2022/05/14 12:44:46 ÖÖ GMT+3","Kadın","19 - 24","51 - 57","Twitter","Haftada 1 Günden Az","Mavi","Aksiyon / Macera","Pop","Hamburger","Voleybol","Uzakdoğu Ülkeleri"
"2022/05/14 12:44:52 ÖÖ GMT+3","Erkek","7 - 18","86 - 100","Youtube","Haftada 4-6 Gün","Mavi","Bilim Kurgu / Fantastik","Rap","Pizza","Futbol","İskandinav Ülkeleri"
"2022/05/14 12:44:53 ÖÖ GMT+3","Erkek","7 - 18","51 - 57","Instagram","Haftada 1 Günden Az","Siyah","Bilim Kurgu / Fantastik","Rap","Balık","Vücut Geliştirme","Fransa"
"2022/05/14 12:44:55 ÖÖ GMT+3","Kadın","19 - 24","51 - 57","Twitter","Haftada 1 Günden Az","Pembe","Aksiyon / Macera","Rap","Hamburger","Boks","Uzakdoğu Ülkeleri"
"2022/05/14 12:44:55 ÖÖ GMT+3","Erkek","19 - 24","86 - 100","Twitter","Haftada 4-6 Gün","Siyah","Aksiyon / Macera","Klasik","Döner","Basketbol","Ortadoğu Ülkeleri"
"2022/05/14 12:45:00 ÖÖ GMT+3","Erkek","25 - 29","66 - 75","Youtube","Haftada 1 Günden Az","Siyah","Polisiye / Suç","Klasik","Sokak Lezzetleri","Vücut Geliştirme","Amerika / Kanada"
"2022/05/14 12:45:08 ÖÖ GMT+3","Erkek","7 - 18","66 - 75","Instagram","Haftada 1-3 Gün","Siyah","Bilim Kurgu / Fantastik","Metal","Pizza","Futbol","İskandinav Ülkeleri"
"2022/05/14 12:45:12 ÖÖ GMT+3","Erkek","19 - 24","58 - 65","Instagram","Haftada 1-3 Gün","Kırmızı","Komedi","Klasik","Döner","Voleybol","İspanya / Portekiz"
"2022/05/14 12:45:13 ÖÖ GMT+3","Erkek","25 - 29","86 - 100","Youtube","Haftada 1 Günden Az","Siyah","Bilim Kurgu / Fantastik","Tekno","Dünya Mutfağı","Tenis / Masa Tenisi","Amerika / Kanada"
"2022/05/14 12:45:20 ÖÖ GMT+3","Kadın","7 - 18","46 - 50","Youtube","Haftada 1 Günden Az","Mavi","Bilim Kurgu / Fantastik","Pop","Kebap","Voleybol","Uzakdoğu Ülkeleri"
"2022/05/14 12:45:34 ÖÖ GMT+3","Erkek","19 - 24","101+","Youtube","Haftada 1 Günden Az","Mor","Bilim Kurgu / Fantastik","Pop","Hamburger","Futbol","Uzakdoğu Ülkeleri"
"2022/05/14 12:45:36 ÖÖ GMT+3","Erkek","19 - 24","58 - 65","Instagram","Haftada 1-3 Gün","Mavi","Aksiyon / Macera","Rap","Sokak Lezzetleri","Futbol","Amerika / Kanada"
"2022/05/14 12:45:42 ÖÖ GMT+3","Erkek","19 - 24","76 - 85","Youtube","Haftada 1 Günden Az","Siyah","Korku / Gerilim","Rap","Pizza","Vücut Geliştirme","İskandinav Ülkeleri"
"2022/05/14 12:45:54 ÖÖ GMT+3","Erkek","19 - 24","66 - 75","Instagram","Haftanın Her Günü","Siyah","Bilim Kurgu / Fantastik","Tekno","Sokak Lezzetleri","Yüzme","İskandinav Ülkeleri"
"2022/05/14 12:46:28 ÖÖ GMT+3","Erkek","7 - 18","86 - 100","Instagram","Haftada 1 Günden Az","Mavi","Komedi","Arabesk","Döner","Yüzme","İtalya"
"2022/05/14 12:46:28 ÖÖ GMT+3","Erkek","19 - 24","66 - 75","Instagram","Haftada 1 Günden Az","Siyah","Bilim Kurgu / Fantastik","Metal","Hamburger","Yüzme","İskandinav Ülkeleri"
"2022/05/14 12:46:43 ÖÖ GMT+3","Kadın","19 - 24","51 - 57","Youtube","Haftada 1-3 Gün","Siyah","Animasyon / Anime / Çizgi Film","Rap","Döner","Futbol","Amerika / Kanada"
"2022/05/14 12:47:07 ÖÖ GMT+3","Erkek","25 - 29","76 - 85","Youtube","Haftada 1 Günden Az","Kırmızı","Bilim Kurgu / Fantastik","Metal","Döner","Basketbol","İskandinav Ülkeleri"
"2022/05/14 12:47:40 ÖÖ GMT+3","Erkek","19 - 24","86 - 100","Instagram","Haftada 1-3 Gün","Mor","Bilim Kurgu / Fantastik","Rock","Döner","Futbol","Amerika / Kanada"
"2022/05/14 12:48:27 ÖÖ GMT+3","Erkek","19 - 24","76 - 85","Twitter","Haftada 1-3 Gün","Siyah","Bilim Kurgu / Fantastik","Rap","Sokak Lezzetleri","Basketbol","İtalya"
"2022/05/14 12:49:40 ÖÖ GMT+3","Erkek","19 - 24","58 - 65","Youtube","Haftada 1 Günden Az","Siyah","Aksiyon / Macera","Rap","Döner","Futbol","İskandinav Ülkeleri"
"2022/05/14 12:49:47 ÖÖ GMT+3","Erkek","19 - 24","76 - 85","Youtube","Haftanın Her Günü","Kırmızı","Bilim Kurgu / Fantastik","Klasik","Hamburger","Basketbol","İskandinav Ülkeleri"
"2022/05/14 12:51:11 ÖÖ GMT+3","Erkek","25 - 29","86 - 100","Instagram","Haftada 1-3 Gün","Mavi","Komedi","Rap","Döner","Futbol","Amerika / Kanada"
"2022/05/14 12:51:15 ÖÖ GMT+3","Erkek","19 - 24","66 - 75","Instagram","Haftada 1-3 Gün","Sarı","Animasyon / Anime / Çizgi Film","Pop","Hamburger","Futbol","Brezilya / Arjantin"
"2022/05/14 12:57:37 ÖÖ GMT+3","Erkek","25 - 29","76 - 85","Instagram","Haftada 1-3 Gün","Turuncu","Komedi","R&B","Kebap","Basketbol","İspanya / Portekiz"
"2022/05/14 1:11:17 ÖÖ GMT+3","Erkek","7 - 18","58 - 65","Youtube","Haftada 1 Günden Az","Siyah","Bilim Kurgu / Fantastik","Rap","Pizza","Vücut Geliştirme","Amerika / Kanada"
"2022/05/14 1:11:39 ÖÖ GMT+3","Erkek","19 - 24","58 - 65","Instagram","Haftada 1 Günden Az","Mavi","Aksiyon / Macera","Rock","Sokak Lezzetleri","Futbol","İskandinav Ülkeleri"
"2022/05/14 1:12:02 ÖÖ GMT+3","Erkek","19 - 24","76 - 85","Instagram","Haftada 1 Günden Az","Mavi","Bilim Kurgu / Fantastik","Rock","Pizza","Futbol","Almanya"
"2022/05/14 1:12:30 ÖÖ GMT+3","Erkek","19 - 24","51 - 57","Youtube","Haftada 1 Günden Az","Siyah","Polisiye / Suç","Metal","Hamur İşi","Futbol","İtalya"
"2022/05/14 1:15:25 ÖÖ GMT+3","Erkek","19 - 24","101+","Instagram","Haftada 1 Günden Az","Kırmızı","Komedi","Pop","Kebap","Tenis / Masa Tenisi","İtalya"
"2022/05/14 1:16:34 ÖÖ GMT+3","Erkek","19 - 24","58 - 65","Instagram","Haftada 1 Günden Az","Kırmızı","Bilim Kurgu / Fantastik","Rap","Döner","Futbol","Uzakdoğu Ülkeleri"
"2022/05/14 5:54:23 ÖÖ GMT+3","Erkek","19 - 24","66 - 75","Youtube","Haftada 4-6 Gün","Yeşil","Bilim Kurgu / Fantastik","Pop","Hamburger","Basketbol","Uzakdoğu Ülkeleri"
"2022/05/14 10:12:29 ÖÖ GMT+3","Erkek","19 - 24","86 - 100","Twitter","Haftada 1 Günden Az","Mor","Komedi","Klasik","Sokak Lezzetleri","Futbol","Amerika / Kanada"
"2022/05/14 11:51:57 ÖÖ GMT+3","Kadın","19 - 24","46 - 50","Youtube","Haftada 1 Günden Az","Mor","Dram / Romantik","R&B","Dünya Mutfağı","Voleybol","Uzakdoğu Ülkeleri"
"2022/05/14 12:47:07 ÖS GMT+3","Kadın","25 - 29","66 - 75","Instagram","Haftada 1-3 Gün","Yeşil","Animasyon / Anime / Çizgi Film","Pop","Hamur İşi","Futbol","Amerika / Kanada"
"2022/05/14 1:27:11 ÖS GMT+3","Erkek","7 - 18","76 - 85","Instagram","Haftada 1 Günden Az","Siyah","Aksiyon / Macera","Rap","Kebap","Vücut Geliştirme","Amerika / Kanada"
"2022/05/14 2:14:46 ÖS GMT+3","Kadın","19 - 24","35 - 45","Twitter","Haftada 1 Günden Az","Mor","Polisiye / Suç","Pop","Döner","Futbol","İtalya"
"2022/05/14 2:23:07 ÖS GMT+3","Kadın","19 - 24","35 - 45","Youtube","Haftada 1-3 Gün","Mor","Bilim Kurgu / Fantastik","Rock","Sokak Lezzetleri","Vücut Geliştirme","Amerika / Kanada"
"2022/05/14 2:55:44 ÖS GMT+3","Kadın","30 - 40","51 - 57","Instagram","Haftada 1 Günden Az","Siyah","Komedi","Pop","Hamur İşi","Yüzme","İtalya"
"2022/05/14 2:57:44 ÖS GMT+3","Erkek","7 - 18","35 - 45","Youtube","Haftada 1-3 Gün","Kırmızı","Aksiyon / Macera","Rap","Döner","Futbol","İskandinav Ülkeleri"
"2022/05/14 3:03:37 ÖS GMT+3","Kadın","7 - 18","58 - 65","Instagram","Haftada 1 Günden Az","Siyah","Korku / Gerilim","Rap","Hamburger","Voleybol","İskandinav Ülkeleri"
"2022/05/14 3:47:26 ÖS GMT+3","Erkek","19 - 24","76 - 85","Instagram","Haftada 1-3 Gün","Siyah","Bilim Kurgu / Fantastik","Rock","Hamburger","Futbol","İtalya"
"2022/05/14 3:59:44 ÖS GMT+3","Kadın","7 - 18","51 - 57","Youtube","Haftada 1 Günden Az","Siyah","Dram / Romantik","Pop","Sokak Lezzetleri","Futbol","İskandinav Ülkeleri"
"2022/05/14 7:30:37 ÖS GMT+3","Erkek","19 - 24","86 - 100","Instagram","Haftada 4-6 Gün","Siyah","Bilim Kurgu / Fantastik","Rap","Hamburger","Futbol","Amerika / Kanada"
"2022/05/14 8:11:24 ÖS GMT+3","Erkek","19 - 24","58 - 65","Twitter","Haftada 1-3 Gün","Mavi","Bilim Kurgu / Fantastik","Rock","Sokak Lezzetleri","Futbol","İtalya"
"2022/05/14 8:25:16 ÖS GMT+3","Erkek","19 - 24","66 - 75","Youtube","Haftada 1 Günden Az","Kırmızı","Animasyon / Anime / Çizgi Film","Rap","Kebap","Voleybol","Almanya"
"2022/05/14 9:42:40 ÖS GMT+3","Erkek","7 - 18","58 - 65","Youtube","Haftada 1 Günden Az","Beyaz","Belgesel / Biyografi","Rock","Pizza","Boks","Amerika / Kanada"
"2022/05/15 2:42:31 ÖÖ GMT+3","Erkek","7 - 18","76 - 85","Youtube","Haftada 1 Günden Az","Siyah","Aksiyon / Macera","Pop","Pizza","Boks","Fransa"
"2022/05/15 3:34:15 ÖÖ GMT+3","Erkek","25 - 29","66 - 75","Youtube","Haftada 1 Günden Az","Siyah","Bilim Kurgu / Fantastik","Rap","Hamburger","Futbol","İskandinav Ülkeleri"
"2022/05/15 12:21:38 ÖS GMT+3","Erkek","30 - 40","58 - 65","Twitter","Haftada 1 Günden Az","Siyah","Polisiye / Suç","Klasik","Dünya Mutfağı","Basketbol","Uzakdoğu Ülkeleri"
"2022/05/15 12:43:24 ÖS GMT+3","Erkek","7 - 18","46 - 50","Instagram","Haftada 1-3 Gün","Siyah","Bilim Kurgu / Fantastik","Rock","Döner","Basketbol","İtalya"